<?xml version="1.0" encoding="UTF-8"?>
<TcBusinessData xmlns="http://teamcenter.com/BusinessModel/TcBusinessData" Date="">
<Add>
   <TcPropertyAttach typeName="Pmg0ProductRevision">
      <TcProperty propName="E4ProductInstance" propTypeName="Relation" propValueType="PROP_untyped_relation"
          propMaxStringLength="0" isArray="true" arrayLength="-1" description="" referencedTypeConstant=""
          referencedType=""/>
   </TcPropertyAttach>
   <TcPropertyAttach typeName="Pmg0ProductRevisionCreI">
      <OperationInputProperty propName="e4E4ProductInstance" compoundObjectConstant=""
          srcPropName="E4ProductInstance" compoundObjectType="" fieldType="SimpleProperty"
          description=""/>
   </TcPropertyAttach>
   <TcPropertyConstantAttach constantName="Enabled" typeName="Pmg0ProductRevision"
        propertyName="E4ProductInstance" value="true"/>
   <TcPropertyConstantAttach constantName="Modifiable" typeName="Pmg0ProductRevision"
        propertyName="E4ProductInstance" value="Write"/>
</Add>
</TcBusinessData>
