<?xml version="1.0" encoding="utf-8"?>
<!-- GENERATED BY: PLM XML SDK 7.0.13.138 -->
<PLMXML xmlns="http://www.plmxml.org/Schemas/PLMXMLSchema"
 language="en-us" time="11:59:30" schemaVersion="6" author="Teamcenter V14000.2.1.12_20230419.00 - infodba@IMC--1695214022(-1695214022)" date="2024-05-10">
<Header id="id1" traverseRootRefs="#id9 #id14 #id25 #id23 #id41 #id53 #id51 #id22 #id21 #id20 #id7 #id6 #id5 #id4 #id3 #id109 #id116 #id2" transferContext="workflow_template_mode"></Header>
<WorkflowTemplate id="id2" name="Requirement Release Process" subTemplateRefs="#id3 #id53 #id23 #id41 #id51 #id22 #id21 #id7 #id109 #id116 #id5 #id20 #id6 #id4 #id25" originalId="QtsZD1F8p_VYjC" filterCondition="E4_WF_isRequirementRev_FILTER" signoffQuorum="0" objectType="EPMTaskTemplate" iconKey="process" dependencyTaskTemplateRefs="#id116" showInProcessStage="true" siblingTaskOrder="0" interactiveTask="false" location="0,0,1a,b,5ac,fc" templateClassification="process" actions="#id125">
<ApplicationRef application="Teamcenter" label="x9hZT7dAp_VYjC" version="x9hZT7dAp_VYjC"></ApplicationRef>
<UserData id="id124" type="reference">
<UserValue title="completeDependencyTaskRef" value="4" dataRef="#id116"></UserValue></UserData></WorkflowTemplate>
<WorkflowTemplate id="id3" name="OR3" originalId="gZlZD1F8p_VYjC" signoffQuorum="0" parentTaskTemplateRef="#id2" objectType="EPMOrTaskTemplate" iconKey="orTask" dependencyTaskTemplateRefs="#id4 #id41" showInProcessStage="false" siblingTaskOrder="2" interactiveTask="false" location="14f,121,4,64,26c,64" actions="#id105">
<ApplicationRef application="Teamcenter" label="RirZT7dAp_VYjC" version="RirZT7dAp_VYjC"></ApplicationRef>
<UserData id="id104" type="reference">
<UserValue title="startDependencyTaskRef" value="2" dataRef="#id4"></UserValue>
<UserValue title="failDependencyTaskRef" value="10" dataRef="#id41"></UserValue></UserData></WorkflowTemplate>
<WorkflowTemplate id="id4" name="Check Requirement Type" originalId="Q9qZD1F8p_VYjC" signoffQuorum="0" parentTaskTemplateRef="#id2" objectType="EPMConditionTaskTemplate" iconKey="conditionTask" dependencyTaskTemplateRefs="#id5" showInProcessStage="true" siblingTaskOrder="0" interactiveTask="false" location="52,f7,4,64,26c,64" actions="#id98 #id101">
<ApplicationRef application="Teamcenter" label="RWlZT7dAp_VYjC" version="RWlZT7dAp_VYjC"></ApplicationRef>
<UserData id="id97" type="reference">
<UserValue title="startDependencyTaskRef" value="2" dataRef="#id5"></UserValue></UserData></WorkflowTemplate>
<WorkflowTemplate id="id5" name="Draft" originalId="AaoZjaKwp_VYjC" signoffQuorum="0" parentTaskTemplateRef="#id2" objectType="EPMAddStatusTaskTemplate" iconKey="addStatusTask" dependencyTaskTemplateRefs="#id6" showInProcessStage="true" siblingTaskOrder="12" interactiveTask="false" location="8c,81,4,64,26c,64" actions="#id91 #id96">
<ApplicationRef application="Teamcenter" label="RCnZT7dAp_VYjC" version="RCnZT7dAp_VYjC"></ApplicationRef>
<UserData id="id90" type="reference">
<UserValue title="startDependencyTaskRef" value="2" dataRef="#id6"></UserValue></UserData></WorkflowTemplate>
<WorkflowTemplate id="id6" name="OR1" originalId="QKnZTP4qp_VYjC" signoffQuorum="0" parentTaskTemplateRef="#id2" objectType="EPMOrTaskTemplate" iconKey="orTask" dependencyTaskTemplateRefs="#id7 #id2" showInProcessStage="false" siblingTaskOrder="14" interactiveTask="false" location="90,c,4,64,26c,64" actions="#id89">
<ApplicationRef application="Teamcenter" label="RSiZT7dAp_VYjC" version="RSiZT7dAp_VYjC"></ApplicationRef>
<UserData id="id88" type="reference">
<UserValue title="failDependencyTaskRef" value="10" dataRef="#id7"></UserValue>
<UserValue title="parentDependencyTaskRef" value="202" dataRef="#id2"></UserValue></UserData></WorkflowTemplate>
<WorkflowTemplate id="id7" name="Requirement Review" subTemplateRefs="#id9 #id14" originalId="AatZD1F8p_VYjC" signoffQuorum="0" parentTaskTemplateRef="#id2" objectType="EPMReviewTaskTemplate" iconKey="reviewTask" dependencyTaskTemplateRefs="#id20 #id14" showInProcessStage="true" siblingTaskOrder="9" interactiveTask="true" location="39a,e,4,64,168,63" actions="#id85 #id87">
<ApplicationRef application="Teamcenter" label="BunZT7dAp_VYjC" version="BunZT7dAp_VYjC"></ApplicationRef>
<UserData id="id84" type="reference">
<UserValue title="startDependencyTaskRef" value="2" dataRef="#id20"></UserValue>
<UserValue title="completeDependencyTaskRef" value="4" dataRef="#id14"></UserValue></UserData>
<TaskDescription id="id8">
<Item value="Review Requirement for completeness and accuracy before it is Released. &#xA;&#xA;If there are necessary changes to be made, click “Reject” to bring Requirement back to Draft status. Make necessary updates and submit to Review.&#xA;&#xA;If no updates are needed, click “Approve” to route to other Approvers or to final Release status.&#xA;&#xA;Once all Approvals are complete, the Requirement will be Released and can be used for substantiation."></Item></TaskDescription></WorkflowTemplate>
<WorkflowTemplate id="id9" name="select-signoff-team" originalId="AilZD1F8p_VYjC" signoffQuorum="0" parentTaskTemplateRef="#id7" objectType="EPMSelectSignoffTaskTemplate" iconKey="selectSignoffTask" showInProcessStage="false" siblingTaskOrder="0" interactiveTask="true" location="6a,65,4,64,26c,64" actions="#id11">
<ApplicationRef application="Teamcenter" label="R2pZT7dAp_VYjC" version="R2pZT7dAp_VYjC"></ApplicationRef>
<TaskDescription id="id10">
<Item value="Choose signoff team."></Item></TaskDescription></WorkflowTemplate>
<WorkflowAction id="id11" actionHandlerRefs="#id12 #id13" parentRef="" actionType="2">
<ApplicationRef application="Teamcenter" label="R6gZT7dAp_VYjC" version="R6gZT7dAp_VYjC"></ApplicationRef></WorkflowAction>
<WorkflowHandler id="id12" name="EPM-inherit">
<ApplicationRef application="Teamcenter" label="R6hZT7dAp_VYjC" version="R6hZT7dAp_VYjC"></ApplicationRef></WorkflowHandler>
<WorkflowHandler id="id13" name="EPM-adhoc-signoffs">
<ApplicationRef application="Teamcenter" label="R6jZT7dAp_VYjC" version="R6jZT7dAp_VYjC"></ApplicationRef></WorkflowHandler>
<WorkflowTemplate id="id14" name="perform-signoffs" originalId="AmvZD1F8p_VYjC" signoffQuorum="-100" parentTaskTemplateRef="#id7" objectType="EPMPerformSignoffTaskTemplate" iconKey="performSignoffTask" dependencyTaskTemplateRefs="#id9" showInProcessStage="false" siblingTaskOrder="1" interactiveTask="true" location="ee,63,4,64,26c,64" actions="#id17">
<ApplicationRef application="Teamcenter" label="R6vZT7dAp_VYjC" version="R6vZT7dAp_VYjC"></ApplicationRef>
<UserData id="id16" type="reference">
<UserValue title="startDependencyTaskRef" value="2" dataRef="#id9"></UserValue></UserData>
<TaskDescription id="id15">
<Item value="Signoff team perform their signoffs."></Item></TaskDescription></WorkflowTemplate>
<WorkflowAction id="id17" actionHandlerRefs="#id18" parentRef="" actionType="2">
<ApplicationRef application="Teamcenter" label="R_nZT7dAp_VYjC" version="R_nZT7dAp_VYjC"></ApplicationRef></WorkflowAction>
<WorkflowHandler id="id18" name="EPM-inherit">
<ApplicationRef application="Teamcenter" label="R_oZT7dAp_VYjC" version="R_oZT7dAp_VYjC"></ApplicationRef>
<Arguments id="id19" type="string">
<UserValue title="handler_argument" value="-task=$PREVIOUS"></UserValue>
<UserValue title="handler_argument" value="-attachment=signoffs"></UserValue></Arguments></WorkflowHandler>
<WorkflowTemplate id="id20" name="In Review" originalId="AuoZjaKwp_VYjC" signoffQuorum="0" parentTaskTemplateRef="#id2" objectType="EPMAddStatusTaskTemplate" iconKey="addStatusTask" dependencyTaskTemplateRefs="#id21" showInProcessStage="true" siblingTaskOrder="13" interactiveTask="false" location="3be,7c,4,64,26c,64" actions="#id75 #id83">
<ApplicationRef application="Teamcenter" label="RKiZT7dAp_VYjC" version="RKiZT7dAp_VYjC"></ApplicationRef>
<UserData id="id74" type="reference">
<UserValue title="startDependencyTaskRef" value="2" dataRef="#id21"></UserValue></UserData></WorkflowTemplate>
<WorkflowTemplate id="id21" name="Is Review Required?" originalId="AKlZD1F8p_VYjC" signoffQuorum="0" parentTaskTemplateRef="#id2" objectType="EPMConditionTaskTemplate" iconKey="conditionTask" dependencyTaskTemplateRefs="#id22" showInProcessStage="true" siblingTaskOrder="8" interactiveTask="true" location="39a,fc,4,64,26c,64" actions="#id70 #id73">
<ApplicationRef application="Teamcenter" label="BmrZT7dAp_VYjC" version="BmrZT7dAp_VYjC"></ApplicationRef>
<UserData id="id69" type="reference">
<UserValue title="startDependencyTaskRef" value="2" dataRef="#id22"></UserValue></UserData></WorkflowTemplate>
<WorkflowTemplate id="id22" name="OR5" originalId="w9qZD1F8p_VYjC" signoffQuorum="0" parentTaskTemplateRef="#id2" objectType="EPMOrTaskTemplate" iconKey="orTask" dependencyTaskTemplateRefs="#id23 #id41 #id51" showInProcessStage="false" siblingTaskOrder="7" interactiveTask="false" location="310,ff,4,64,26c,64" actions="#id68">
<ApplicationRef application="Teamcenter" label="BioZT7dAp_VYjC" version="BioZT7dAp_VYjC"></ApplicationRef>
<UserData id="id67" type="reference">
<UserValue title="startDependencyTaskRef" value="2" dataRef="#id23"></UserValue>
<UserValue title="startDependencyTaskRef" value="2" dataRef="#id41"></UserValue>
<UserValue title="startDependencyTaskRef" value="2" dataRef="#id51"></UserValue></UserData></WorkflowTemplate>
<WorkflowTemplate id="id23" name="Enrich Marketing Requirement" originalId="gxnZD1F8p_VYjC" signoffQuorum="0" parentTaskTemplateRef="#id2" objectType="EPMDoTaskTemplate" iconKey="doTask" dependencyTaskTemplateRefs="#id25" showInProcessStage="true" siblingTaskOrder="4" interactiveTask="true" location="1d1,97,4,64,26c,64" actions="#id32 #id38">
<ApplicationRef application="Teamcenter" label="RurZT7dAp_VYjC" version="RurZT7dAp_VYjC"></ApplicationRef>
<UserData id="id31" type="reference">
<UserValue title="startDependencyTaskRef" value="2" dataRef="#id25"></UserValue></UserData>
<TaskDescription id="id24">
<Item value="Complete the following attributes that are mandatory before Marketing Requirement can be released:​&#xA;&#xA;Category​&#xA;&#xA;Global Guidance​&#xA;&#xA;Approval Date​&#xA;&#xA;Disclaimer​&#xA;&#xA;Decompose Requirement: Add any sub-requirements that are required to meet the Marketing Requirement.​&#xA;&#xA;Assign Requirement to Project: If not already assigned, assign Marketing Requirement to applicable Project(s) in PLM.​&#xA;&#xA;Validate Requirement: Add applicable Test Plans to Marketing Requirement that are in the Test Library.​&#xA;&#xA;Once finished, click “Complete” to Review and Release Requirement. Select applicable Reviewers."></Item></TaskDescription></WorkflowTemplate>
<WorkflowTemplate id="id25" name="OR2" originalId="gNlZD1F8p_VYjC" signoffQuorum="0" parentTaskTemplateRef="#id2" objectType="EPMOrTaskTemplate" iconKey="orTask" dependencyTaskTemplateRefs="#id4 #id23" showInProcessStage="false" siblingTaskOrder="1" interactiveTask="false" location="155,94,4,64,26c,64" actions="#id27">
<ApplicationRef application="Teamcenter" label="RejZT7dAp_VYjC" version="RejZT7dAp_VYjC"></ApplicationRef>
<UserData id="id26" type="reference">
<UserValue title="startDependencyTaskRef" value="2" dataRef="#id4"></UserValue>
<UserValue title="failDependencyTaskRef" value="10" dataRef="#id23"></UserValue></UserData></WorkflowTemplate>
<WorkflowAction id="id27" parentRef="" actionType="2" ruleRefs="#id28">
<ApplicationRef application="Teamcenter" label="RerZT7dAp_VYjC" version="RerZT7dAp_VYjC"></ApplicationRef></WorkflowAction>
<WorkflowBusinessRule id="id28" ruleQuorum="1" ruleHandlerRefs="#id29">
<ApplicationRef application="Teamcenter" label="ResZT7dAp_VYjC" version="ResZT7dAp_VYjC"></ApplicationRef></WorkflowBusinessRule>
<WorkflowBusinessRuleHandler id="id29" name="EPM-check-condition">
<ApplicationRef application="Teamcenter" label="ReuZT7dAp_VYjC" version="ReuZT7dAp_VYjC"></ApplicationRef>
<Arguments id="id30" type="string">
<UserValue title="handler_argument" value="-source_task=Check Requirement Type"></UserValue>
<UserValue title="handler_argument" value="-decision=E4MarketingReqRevision"></UserValue></Arguments></WorkflowBusinessRuleHandler>
<WorkflowAction id="id32" parentRef="" actionType="4" ruleRefs="#id33 #id35">
<ApplicationRef application="Teamcenter" label="RyjZT7dAp_VYjC" version="RyjZT7dAp_VYjC"></ApplicationRef></WorkflowAction>
<WorkflowBusinessRule id="id33" ruleQuorum="1" ruleHandlerRefs="#id34">
<ApplicationRef application="Teamcenter" label="RykZT7dAp_VYjC" version="RykZT7dAp_VYjC"></ApplicationRef></WorkflowBusinessRule>
<WorkflowBusinessRuleHandler id="id34" name="EPM-hold">
<ApplicationRef application="Teamcenter" label="RymZT7dAp_VYjC" version="RymZT7dAp_VYjC"></ApplicationRef></WorkflowBusinessRuleHandler>
<WorkflowBusinessRule id="id35" ruleQuorum="1" ruleHandlerRefs="#id36">
<ApplicationRef application="Teamcenter" label="hyuZT7dAp_VYjC" version="hyuZT7dAp_VYjC"></ApplicationRef></WorkflowBusinessRule>
<WorkflowBusinessRuleHandler id="id36" name="EPM-check-object-properties">
<ApplicationRef application="Teamcenter" label="h2lZT7dAp_VYjC" version="h2lZT7dAp_VYjC"></ApplicationRef>
<Arguments id="id37" type="string">
<UserValue title="handler_argument" value="-include_type=E4MarketingReqRevision"></UserValue>
<UserValue title="handler_argument" value="-property=e4ApprovalDate,e4Disclaimer,e4GlobalGuidance,e4LOB,e4Region,e4RequirementCategory,e4RequirementDescription,e4ReviewPeriod"></UserValue></Arguments></WorkflowBusinessRuleHandler>
<WorkflowAction id="id38" actionHandlerRefs="#id39" parentRef="" actionType="2">
<ApplicationRef application="Teamcenter" label="RysZT7dAp_VYjC" version="RysZT7dAp_VYjC"></ApplicationRef></WorkflowAction>
<WorkflowHandler id="id39" name="EPM-set-rule-based-protection">
<ApplicationRef application="Teamcenter" label="RytZT7dAp_VYjC" version="RytZT7dAp_VYjC"></ApplicationRef>
<Arguments id="id40" type="string">
<UserValue title="handler_argument" value="-acl=Write Access"></UserValue></Arguments></WorkflowHandler>
<WorkflowTemplate id="id41" name="Enrich Technical Requirement" originalId="wBhZD1F8p_VYjC" signoffQuorum="0" parentTaskTemplateRef="#id2" objectType="EPMDoTaskTemplate" iconKey="doTask" dependencyTaskTemplateRefs="#id3" showInProcessStage="true" siblingTaskOrder="5" interactiveTask="true" location="1de,120,4,64,26c,64" actions="#id44 #id50">
<ApplicationRef application="Teamcenter" label="BCoZT7dAp_VYjC" version="BCoZT7dAp_VYjC"></ApplicationRef>
<UserData id="id43" type="reference">
<UserValue title="startDependencyTaskRef" value="2" dataRef="#id3"></UserValue></UserData>
<TaskDescription id="id42">
<Item value="Complete the following attributes that are mandatory before Technical Requirement can be released:​&#xA;&#xA;For Internal Use Only​&#xA;&#xA;Core / Additional ​&#xA;&#xA;TXT: Claim Syntax Requirement​&#xA;&#xA;Decompose Requirement: Add any sub-requirements that are required to meet the Technical Requirement.​&#xA;&#xA;Assign Requirement to Project: If not already assigned, assign Technical Requirement to applicable Project(s) in PLM.​&#xA;&#xA;Validate Requirement: Add applicable Test Plans to Technical Requirement that are in the Test Library.​&#xA;&#xA;Once finished, click “Complete” to Review and Release Requirement. Select applicable Reviewers."></Item></TaskDescription></WorkflowTemplate>
<WorkflowAction id="id44" parentRef="" actionType="4" ruleRefs="#id45 #id47">
<ApplicationRef application="Teamcenter" label="BGgZT7dAp_VYjC" version="BGgZT7dAp_VYjC"></ApplicationRef></WorkflowAction>
<WorkflowBusinessRule id="id45" ruleQuorum="1" ruleHandlerRefs="#id46">
<ApplicationRef application="Teamcenter" label="BGhZT7dAp_VYjC" version="BGhZT7dAp_VYjC"></ApplicationRef></WorkflowBusinessRule>
<WorkflowBusinessRuleHandler id="id46" name="EPM-hold">
<ApplicationRef application="Teamcenter" label="BGjZT7dAp_VYjC" version="BGjZT7dAp_VYjC"></ApplicationRef></WorkflowBusinessRuleHandler>
<WorkflowBusinessRule id="id47" ruleQuorum="-1" ruleHandlerRefs="#id48">
<ApplicationRef application="Teamcenter" label="xKtZT7dAp_VYjC" version="xKtZT7dAp_VYjC"></ApplicationRef></WorkflowBusinessRule>
<WorkflowBusinessRuleHandler id="id48" name="EPM-check-object-properties">
<ApplicationRef application="Teamcenter" label="xKqZT7dAp_VYjC" version="xKqZT7dAp_VYjC"></ApplicationRef>
<Arguments id="id49" type="string">
<UserValue title="handler_argument" value="-include_type=E4TechnicalReqRevision"></UserValue>
<UserValue title="handler_argument" value="-property=e4ClaimSynReq,e4CoreAdditional,e4EstimatedCost,e4EstimatedTime,e4Evergreen,e4ForInternalUseOnly,e4OEMIndustryEBName,e4Region,e4RequirementCategory,e4RequirementDescription"></UserValue></Arguments></WorkflowBusinessRuleHandler>
<WorkflowAction id="id50" parentRef="" actionType="2">
<ApplicationRef application="Teamcenter" label="BGpZT7dAp_VYjC" version="BGpZT7dAp_VYjC"></ApplicationRef></WorkflowAction>
<WorkflowTemplate id="id51" name="Enrich Regulatory Requirement" originalId="wJrZD1F8p_VYjC" signoffQuorum="0" parentTaskTemplateRef="#id2" objectType="EPMDoTaskTemplate" iconKey="doTask" dependencyTaskTemplateRefs="#id53" showInProcessStage="true" siblingTaskOrder="6" interactiveTask="true" location="1dd,1a6,4,64,26c,64" actions="#id60 #id66">
<ApplicationRef application="Teamcenter" label="BKkZT7dAp_VYjC" version="BKkZT7dAp_VYjC"></ApplicationRef>
<UserData id="id59" type="reference">
<UserValue title="startDependencyTaskRef" value="2" dataRef="#id53"></UserValue></UserData>
<TaskDescription id="id52">
<Item value="Complete any remaining Optional attributes that will be used to classify or maintain the Regulatory Requirement.​&#xA;&#xA;Decompose Requirement: Add any sub-requirements that are required to meet the Regulatory Requirement.​&#xA;&#xA;Assign Requirement to Project: If not already assigned, assign Regulatory Requirement to applicable Project(s) in PLM.​&#xA;&#xA;Validate Requirement: Add applicable Test Plans to Regulatory Requirement that are in the Test Library.​&#xA;&#xA;Once finished, click “Complete” to Review and Release Requirement. Select applicable Reviewers."></Item></TaskDescription></WorkflowTemplate>
<WorkflowTemplate id="id53" name="OR4" originalId="gljZD1F8p_VYjC" signoffQuorum="0" parentTaskTemplateRef="#id2" objectType="EPMOrTaskTemplate" iconKey="orTask" dependencyTaskTemplateRefs="#id4 #id51" showInProcessStage="false" siblingTaskOrder="3" interactiveTask="false" location="153,194,4,64,26c,64" actions="#id55">
<ApplicationRef application="Teamcenter" label="RqjZT7dAp_VYjC" version="RqjZT7dAp_VYjC"></ApplicationRef>
<UserData id="id54" type="reference">
<UserValue title="startDependencyTaskRef" value="2" dataRef="#id4"></UserValue>
<UserValue title="failDependencyTaskRef" value="10" dataRef="#id51"></UserValue></UserData></WorkflowTemplate>
<WorkflowAction id="id55" parentRef="" actionType="2" ruleRefs="#id56">
<ApplicationRef application="Teamcenter" label="RqrZT7dAp_VYjC" version="RqrZT7dAp_VYjC"></ApplicationRef></WorkflowAction>
<WorkflowBusinessRule id="id56" ruleQuorum="1" ruleHandlerRefs="#id57">
<ApplicationRef application="Teamcenter" label="RqsZT7dAp_VYjC" version="RqsZT7dAp_VYjC"></ApplicationRef></WorkflowBusinessRule>
<WorkflowBusinessRuleHandler id="id57" name="EPM-check-condition">
<ApplicationRef application="Teamcenter" label="RquZT7dAp_VYjC" version="RquZT7dAp_VYjC"></ApplicationRef>
<Arguments id="id58" type="string">
<UserValue title="handler_argument" value="-source_task=Check Requirement Type"></UserValue>
<UserValue title="handler_argument" value="-decision=E4RegulatoryReqRevision"></UserValue></Arguments></WorkflowBusinessRuleHandler>
<WorkflowAction id="id60" parentRef="" actionType="4" ruleRefs="#id61 #id63">
<ApplicationRef application="Teamcenter" label="BKsZT7dAp_VYjC" version="BKsZT7dAp_VYjC"></ApplicationRef></WorkflowAction>
<WorkflowBusinessRule id="id61" ruleQuorum="1" ruleHandlerRefs="#id62">
<ApplicationRef application="Teamcenter" label="BKtZT7dAp_VYjC" version="BKtZT7dAp_VYjC"></ApplicationRef></WorkflowBusinessRule>
<WorkflowBusinessRuleHandler id="id62" name="EPM-hold">
<ApplicationRef application="Teamcenter" label="BKvZT7dAp_VYjC" version="BKvZT7dAp_VYjC"></ApplicationRef></WorkflowBusinessRuleHandler>
<WorkflowBusinessRule id="id63" ruleQuorum="-1" ruleHandlerRefs="#id64">
<ApplicationRef application="Teamcenter" label="xelZT7dAp_VYjC" version="xelZT7dAp_VYjC"></ApplicationRef></WorkflowBusinessRule>
<WorkflowBusinessRuleHandler id="id64" name="EPM-check-object-properties">
<ApplicationRef application="Teamcenter" label="xeiZT7dAp_VYjC" version="xeiZT7dAp_VYjC"></ApplicationRef>
<Arguments id="id65" type="string">
<UserValue title="handler_argument" value="-include_type=E4RegulatoryReqRevision"></UserValue>
<UserValue title="handler_argument" value="-property=e4Authority,e4CoreAdditional,e4LOB,e4Region,e4Regulation,e4RequirementCategory,e4RequirementDescription"></UserValue></Arguments></WorkflowBusinessRuleHandler>
<WorkflowAction id="id66" parentRef="" actionType="2">
<ApplicationRef application="Teamcenter" label="BOlZT7dAp_VYjC" version="BOlZT7dAp_VYjC"></ApplicationRef></WorkflowAction>
<WorkflowAction id="id68" parentRef="" actionType="2">
<ApplicationRef application="Teamcenter" label="BmgZT7dAp_VYjC" version="BmgZT7dAp_VYjC"></ApplicationRef></WorkflowAction>
<WorkflowAction id="id70" parentRef="" actionType="4" ruleRefs="#id71">
<ApplicationRef application="Teamcenter" label="BqjZT7dAp_VYjC" version="BqjZT7dAp_VYjC"></ApplicationRef></WorkflowAction>
<WorkflowBusinessRule id="id71" ruleQuorum="1" ruleHandlerRefs="#id72">
<ApplicationRef application="Teamcenter" label="BqkZT7dAp_VYjC" version="BqkZT7dAp_VYjC"></ApplicationRef></WorkflowBusinessRule>
<WorkflowBusinessRuleHandler id="id72" name="EPM-check-condition">
<ApplicationRef application="Teamcenter" label="BqmZT7dAp_VYjC" version="BqmZT7dAp_VYjC"></ApplicationRef></WorkflowBusinessRuleHandler>
<WorkflowAction id="id73" parentRef="" actionType="2">
<ApplicationRef application="Teamcenter" label="BqsZT7dAp_VYjC" version="BqsZT7dAp_VYjC"></ApplicationRef></WorkflowAction>
<WorkflowAction id="id75" actionHandlerRefs="#id79 #id81" parentRef="" actionType="2" ruleRefs="#id76">
<ApplicationRef application="Teamcenter" label="RKqZT7dAp_VYjC" version="RKqZT7dAp_VYjC"></ApplicationRef></WorkflowAction>
<WorkflowBusinessRule id="id76" ruleQuorum="-1" ruleHandlerRefs="#id77">
<ApplicationRef application="Teamcenter" label="RKrZT7dAp_VYjC" version="RKrZT7dAp_VYjC"></ApplicationRef></WorkflowBusinessRule>
<WorkflowBusinessRuleHandler id="id77" name="EPM-check-condition">
<ApplicationRef application="Teamcenter" label="RKtZT7dAp_VYjC" version="RKtZT7dAp_VYjC"></ApplicationRef>
<Arguments id="id78" type="string">
<UserValue title="handler_argument" value="-source_task=Is Review Required?"></UserValue>
<UserValue title="handler_argument" value="-decision=Yes"></UserValue></Arguments></WorkflowBusinessRuleHandler>
<WorkflowHandler id="id79" name="EPM-create-status">
<ApplicationRef application="Teamcenter" label="ROgZT7dAp_VYjC" version="ROgZT7dAp_VYjC"></ApplicationRef>
<Arguments id="id80" type="string">
<UserValue title="handler_argument" value="-status=E4InReview"></UserValue></Arguments></WorkflowHandler>
<WorkflowHandler id="id81" name="EPM-set-status">
<ApplicationRef application="Teamcenter" label="ROiZT7dAp_VYjC" version="ROiZT7dAp_VYjC"></ApplicationRef>
<Arguments id="id82" type="string">
<UserValue title="handler_argument" value="-action=replace"></UserValue></Arguments></WorkflowHandler>
<WorkflowAction id="id83" parentRef="" actionType="4">
<ApplicationRef application="Teamcenter" label="ROnZT7dAp_VYjC" version="ROnZT7dAp_VYjC"></ApplicationRef></WorkflowAction>
<WorkflowAction id="id85" actionHandlerRefs="#id86" parentRef="" actionType="8">
<ApplicationRef application="Teamcenter" label="BuvZT7dAp_VYjC" version="BuvZT7dAp_VYjC"></ApplicationRef></WorkflowAction>
<WorkflowHandler id="id86" name="EPM-demote">
<ApplicationRef application="Teamcenter" label="BygZT7dAp_VYjC" version="BygZT7dAp_VYjC"></ApplicationRef></WorkflowHandler>
<WorkflowAction id="id87" parentRef="" actionType="2">
<ApplicationRef application="Teamcenter" label="BylZT7dAp_VYjC" version="BylZT7dAp_VYjC"></ApplicationRef></WorkflowAction>
<WorkflowAction id="id89" parentRef="" actionType="2">
<ApplicationRef application="Teamcenter" label="RSqZT7dAp_VYjC" version="RSqZT7dAp_VYjC"></ApplicationRef></WorkflowAction>
<WorkflowAction id="id91" actionHandlerRefs="#id92 #id94" parentRef="" actionType="2">
<ApplicationRef application="Teamcenter" label="RCvZT7dAp_VYjC" version="RCvZT7dAp_VYjC"></ApplicationRef></WorkflowAction>
<WorkflowHandler id="id92" name="EPM-create-status">
<ApplicationRef application="Teamcenter" label="RGgZT7dAp_VYjC" version="RGgZT7dAp_VYjC"></ApplicationRef>
<Arguments id="id93" type="string">
<UserValue title="handler_argument" value="-status=E4Draft"></UserValue></Arguments></WorkflowHandler>
<WorkflowHandler id="id94" name="EPM-set-status">
<ApplicationRef application="Teamcenter" label="RGiZT7dAp_VYjC" version="RGiZT7dAp_VYjC"></ApplicationRef>
<Arguments id="id95" type="string">
<UserValue title="handler_argument" value="-action=replace"></UserValue></Arguments></WorkflowHandler>
<WorkflowAction id="id96" parentRef="" actionType="4">
<ApplicationRef application="Teamcenter" label="RGnZT7dAp_VYjC" version="RGnZT7dAp_VYjC"></ApplicationRef></WorkflowAction>
<WorkflowAction id="id98" parentRef="" actionType="4" ruleRefs="#id99">
<ApplicationRef application="Teamcenter" label="RWtZT7dAp_VYjC" version="RWtZT7dAp_VYjC"></ApplicationRef></WorkflowAction>
<WorkflowBusinessRule id="id99" ruleQuorum="1" ruleHandlerRefs="#id100">
<ApplicationRef application="Teamcenter" label="RWuZT7dAp_VYjC" version="RWuZT7dAp_VYjC"></ApplicationRef></WorkflowBusinessRule>
<WorkflowBusinessRuleHandler id="id100" name="EPM-check-condition">
<ApplicationRef application="Teamcenter" label="RagZT7dAp_VYjC" version="RagZT7dAp_VYjC"></ApplicationRef></WorkflowBusinessRuleHandler>
<WorkflowAction id="id101" actionHandlerRefs="#id102" parentRef="" actionType="2">
<ApplicationRef application="Teamcenter" label="RamZT7dAp_VYjC" version="RamZT7dAp_VYjC"></ApplicationRef></WorkflowAction>
<WorkflowHandler id="id102" name="EPM-set-task-result-to-property">
<ApplicationRef application="Teamcenter" label="RanZT7dAp_VYjC" version="RanZT7dAp_VYjC"></ApplicationRef>
<Arguments id="id103" type="string">
<UserValue title="handler_argument" value="-source=target"></UserValue>
<UserValue title="handler_argument" value="-property=object_type"></UserValue></Arguments></WorkflowHandler>
<WorkflowAction id="id105" parentRef="" actionType="2" ruleRefs="#id106">
<ApplicationRef application="Teamcenter" label="RmjZT7dAp_VYjC" version="RmjZT7dAp_VYjC"></ApplicationRef></WorkflowAction>
<WorkflowBusinessRule id="id106" ruleQuorum="1" ruleHandlerRefs="#id107">
<ApplicationRef application="Teamcenter" label="RmkZT7dAp_VYjC" version="RmkZT7dAp_VYjC"></ApplicationRef></WorkflowBusinessRule>
<WorkflowBusinessRuleHandler id="id107" name="EPM-check-condition">
<ApplicationRef application="Teamcenter" label="RmmZT7dAp_VYjC" version="RmmZT7dAp_VYjC"></ApplicationRef>
<Arguments id="id108" type="string">
<UserValue title="handler_argument" value="-source_task=Check Requirement Type"></UserValue>
<UserValue title="handler_argument" value="-decision=E4TechnicalReqRevision"></UserValue></Arguments></WorkflowBusinessRuleHandler>
<WorkflowTemplate id="id109" name="OR6" originalId="QuhZD1F8p_VYjC" signoffQuorum="0" parentTaskTemplateRef="#id2" objectType="EPMOrTaskTemplate" iconKey="orTask" dependencyTaskTemplateRefs="#id21 #id7" showInProcessStage="false" siblingTaskOrder="10" interactiveTask="false" location="491,f9,4,64,26c,64" actions="#id111 #id115">
<ApplicationRef application="Teamcenter" label="B2gZT7dAp_VYjC" version="B2gZT7dAp_VYjC"></ApplicationRef>
<UserData id="id110" type="reference">
<UserValue title="startDependencyTaskRef" value="2" dataRef="#id21"></UserValue>
<UserValue title="startDependencyTaskRef" value="2" dataRef="#id7"></UserValue></UserData></WorkflowTemplate>
<WorkflowAction id="id111" parentRef="" actionType="2" ruleRefs="#id112">
<ApplicationRef application="Teamcenter" label="B2oZT7dAp_VYjC" version="B2oZT7dAp_VYjC"></ApplicationRef></WorkflowAction>
<WorkflowBusinessRule id="id112" ruleQuorum="1" ruleHandlerRefs="#id113">
<ApplicationRef application="Teamcenter" label="B2pZT7dAp_VYjC" version="B2pZT7dAp_VYjC"></ApplicationRef></WorkflowBusinessRule>
<WorkflowBusinessRuleHandler id="id113" name="EPM-check-condition">
<ApplicationRef application="Teamcenter" label="B2rZT7dAp_VYjC" version="B2rZT7dAp_VYjC"></ApplicationRef>
<Arguments id="id114" type="string">
<UserValue title="handler_argument" value="-source_task=Is Review Required?"></UserValue>
<UserValue title="handler_argument" value="-decision=No"></UserValue></Arguments></WorkflowBusinessRuleHandler>
<WorkflowAction id="id115" parentRef="" actionType="4">
<ApplicationRef application="Teamcenter" label="B6hZT7dAp_VYjC" version="B6hZT7dAp_VYjC"></ApplicationRef></WorkflowAction>
<WorkflowTemplate id="id116" name="Released" originalId="gCgZD1F8p_VYjC" signoffQuorum="0" parentTaskTemplateRef="#id2" objectType="EPMAddStatusTaskTemplate" iconKey="addStatusTask" dependencyTaskTemplateRefs="#id109" showInProcessStage="true" siblingTaskOrder="11" interactiveTask="false" location="51c,f9,4,64,26c,64" actions="#id118 #id121">
<ApplicationRef application="Teamcenter" label="B6sZT7dAp_VYjC" version="B6sZT7dAp_VYjC"></ApplicationRef>
<UserData id="id117" type="reference">
<UserValue title="startDependencyTaskRef" value="2" dataRef="#id109"></UserValue></UserData></WorkflowTemplate>
<WorkflowAction id="id118" actionHandlerRefs="#id119" parentRef="" actionType="2">
<ApplicationRef application="Teamcenter" label="B_kZT7dAp_VYjC" version="B_kZT7dAp_VYjC"></ApplicationRef></WorkflowAction>
<WorkflowHandler id="id119" name="EPM-create-status">
<ApplicationRef application="Teamcenter" label="B_lZT7dAp_VYjC" version="B_lZT7dAp_VYjC"></ApplicationRef>
<Arguments id="id120" type="string">
<UserValue title="handler_argument" value="-status=E4Released"></UserValue></Arguments></WorkflowHandler>
<WorkflowAction id="id121" actionHandlerRefs="#id122" parentRef="" actionType="4">
<ApplicationRef application="Teamcenter" label="B_qZT7dAp_VYjC" version="B_qZT7dAp_VYjC"></ApplicationRef></WorkflowAction>
<WorkflowHandler id="id122" name="EPM-set-status">
<ApplicationRef application="Teamcenter" label="B_rZT7dAp_VYjC" version="B_rZT7dAp_VYjC"></ApplicationRef>
<Arguments id="id123" type="string">
<UserValue title="handler_argument" value="-action=append"></UserValue></Arguments></WorkflowHandler>
<WorkflowAction id="id125" actionHandlerRefs="#id129 #id131" parentRef="" actionType="2" ruleRefs="#id126">
<ApplicationRef application="Teamcenter" label="x9pZT7dAp_VYjC" version="x9pZT7dAp_VYjC"></ApplicationRef></WorkflowAction>
<WorkflowBusinessRule id="id126" ruleQuorum="-1" ruleHandlerRefs="#id127">
<ApplicationRef application="Teamcenter" label="x9qZT7dAp_VYjC" version="x9qZT7dAp_VYjC"></ApplicationRef></WorkflowBusinessRule>
<WorkflowBusinessRuleHandler id="id127" name="EPM-check-target-object">
<ApplicationRef application="Teamcenter" label="x9sZT7dAp_VYjC" version="x9sZT7dAp_VYjC"></ApplicationRef>
<Arguments id="id128" type="string">
<UserValue title="handler_argument" value="-disallowed_status=ANY"></UserValue></Arguments></WorkflowBusinessRuleHandler>
<WorkflowHandler id="id129" name="EPM-assign-team-selector">
<ApplicationRef application="Teamcenter" label="x9vZT7dAp_VYjC" version="x9vZT7dAp_VYjC"></ApplicationRef>
<Arguments id="id130" type="string">
<UserValue title="handler_argument" value="-assignee=$PROCESS_OWNER"></UserValue></Arguments></WorkflowHandler>
<WorkflowHandler id="id131" name="EPM-auto-assign-rest">
<ApplicationRef application="Teamcenter" label="BChZT7dAp_VYjC" version="BChZT7dAp_VYjC"></ApplicationRef></WorkflowHandler></PLMXML>