<?xml version="1.0" encoding="UTF-8"?>
<TcBusinessData xmlns="http://teamcenter.com/BusinessModel/TcBusinessData" Date="">
<Add>
   <TcLOV name="E4AdditiveLov" lovType="ListOfValuesString" usage="Exhaustive" description="">
      <TcLOVValue value="HiTEC 4691M" description="" conditionName="isTrue"/>
      <TcLOVValue value="HITEC66145M" description="" conditionName="isTrue"/>
   </TcLOV>
   <TcLOVAttach lovName="E4AdditiveLov" typeName="E4MarketingReqRevision">
      <TcLOVAttachPropertyInfo valuePropertyName="e4Additive" conditionName="isTrue"
          override="false" level="0"/>
   </TcLOVAttach>
</Add>
</TcBusinessData>
