<?xml version="1.0" encoding="UTF-8"?>
<TcBusinessData xmlns="http://teamcenter.com/BusinessModel/TcBusinessData" Date="">
<Add>
   <TcLOV name="E4FuelsTypeLov" lovType="ListOfValuesString" usage="Exhaustive" description="">
      <TcLOVValue value="Esso Supreme+ Diesel" description="" conditionName="isTrue"/>
      <TcLOVValue value="Esso Supreme+ Unleaded" description="" conditionName="isTrue"/>
      <TcLOVValue value="Esso Supreme 25% Renewable Diesel" description="" conditionName="isTrue"/>
      <TcLOVValue value="Esso Synergy Unleaded" description="" conditionName="isTrue"/>
   </TcLOV>
</Add>
</TcBusinessData>
