<?xml version="1.0" encoding="UTF-8"?>
<!--
================================================================================
Copyright 2015.
Siemens Product Lifecycle Management Software Inc.
All Rights Reserved.
================================================================================
Filename: Mtw0E4EMMat1UsesSubstanceCustom.xml
Default activeworkspace style sheet for displaying Substance Info
 -->
<subRendering>
    <section titleKey="k_materialmgmt_substancesk_materialmgmt_substances" title="Substances">
        <objectSet source="E4EMMat1UsesSubstance.E4EMMat1Substance" defaultdisplay="tableDisplay" sortby="object_name" sortdirection="ascending">
            <tableDisplay>
                <property name="object_name"/>
                <property name="mat1cas_number"/>
                <property name="E4EMMat1UsesSubstance.mat1composition"/>		
                <property name="E4EMMat1UsesSubstance.e4ContainsHazardousMat"/>		
            </tableDisplay>
            <listDisplay/>
            <content visibleWhen="{pref:IMDSIntegration_feature_installed}!=true">
                <command actionKey="newBusinessObjectContextualAction" commandId="Mtw0ShowAddObject" renderingHint="commandbutton"/>
                <command actionKey="cutAction" commandId="org.eclipse.ui.edit.cut" renderingHint="commandbutton">
                    <parameter name="localSelection" value="true"/>
                </command>
            </content>
            <content visibleWhen="{pref:IMDSIntegration_feature_installed}==true and release_status_list ==null and sci0MDSStatus != 3">
                <command actionKey="newBusinessObjectContextualAction" commandId="Mtw0ShowAddObject" renderingHint="commandbutton"/>
                <command actionKey="cutAction" commandId="org.eclipse.ui.edit.cut" renderingHint="commandbutton">
                    <parameter name="localSelection" value="true"/>
                </command>
            </content>
        </objectSet>
    </section> 
</subRendering> 