<?xml version="1.0" encoding="us-ascii" standalone="yes"?>
<!--
@<COPYRIGHT>@
================================================================================
Copyright 2021.
Siemens Product Lifecycle Management Software Inc.
All Rights Reserved.
================================================================================
@<COPYRIGHT>@

File description:
    File Name: tc_xrt_text_locale.xml

    This file contains all the keys related to stylesheet usage.
===============================================================================
-->
<textsrv filename="tc_xrt_text_locale.xml">
    <!-- XML Rendering Template(XRT) key(s): tc_xrt_<Key>  -->
    <key id="tc_xrt_actions">Actions</key>
    <key id="tc_xrt_AdditionalContainerInformation">Additional Container Information</key> 
    <key id="tc_xrt_AdditionalItemInformation">Additional Item Information</key> 
    <key id="tc_xrt_AdditionalLogisticsAreaInformation">Additional Logistics Area Information</key> 
    <key id="tc_xrt_AdditionalLogisticBOPInformation">Additional Logistic BOP Information</key>
    <key id="tc_xrt_AdditionalLogisticFolderInformation">Additional Logistic Folder Information</key>
    <key id="tc_xrt_AdditionalLogisticsProcessInformation">Additional Logistics Process Information</key>
    <key id="tc_xrt_AdditionalMEDepartmentInformation">Additional ME Department Information</key>
    <key id="tc_xrt_AdditionalMELineInformation">Additional ME Line Information</key>
    <key id="tc_xrt_AdditionalMEOPInformation">Additional MEOP Information</key>
    <key id="tc_xrt_AdditionalMEPlantInformation">Additional ME Plant Information</key>
    <key id="tc_xrt_AdditionalMEProcessInformation">Additional ME Process Information</key>
    <key id="tc_xrt_AdditionalMEProductLocationInformation">Additional ME Product Location Information</key>
    <key id="tc_xrt_AdditionalMESiteInformation">Additional ME Site Information</key>
    <key id="tc_xrt_AdditionalMEStationInformation">Additional ME Station Information</key>
    <key id="tc_xrt_AdditionalMes0MESTXElementInformation">Additional Standard Text Element Information</key>
    <key id="tc_xrt_AdditionalMes0MESTXFolderInformation">Additional Standard Text Folder Information</key>
    <key id="tc_xrt_AdditionalMes0MESTXLibraryInformation">Additional Standard Text Library Information</key>
    <key id="tc_xrt_AdditionalMEWorkareaInformation">Additional ME Work Area Information</key>
    <key id="tc_xrt_AdditionalPartFamilyInformation">Additional Part Family Information</key>
    <key id="tc_xrt_AdditionalPlantBOPInformation">Additional Plant BOP Information</key>
    <key id="tc_xrt_AdditionalProcessAreaInformation">Additional Process Area Information</key>
    <key id="tc_xrt_AdditionalProcessLineInformation">Additional Process Line Information</key>
    <key id="tc_xrt_AdditionalProcessResourceInformation">Additional Process Resource Information</key>
    <key id="tc_xrt_AdditionalProcessStationInformation">Additional Process Station Information</key>
    <key id="tc_xrt_AdditionalStudyInformation">Additional Study Information</key>
    <key id="tc_xrt_AdditionalSupplyChainInformation">Additional Supply Chain Information</key>
    <key id="tc_xrt_AdditionalVehicleInformation">Additional Vehicle Information</key>
    <key id="tc_xrt_All">All</key>
    <key id="tc_xrt_ArcWeldAttributeForm">Arc Weld Attribute Form</key>
    <key id="tc_xrt_ArcWeldInformation">Arc Weld Information</key>
    <key id="tc_xrt_Artwork">Artwork</key>
    <key id="tc_xrt_Artworks">Artworks</key>
    <key id="tc_xrt_AttachedAttrGroups">Related Attribute Groups</key>
    <key id="tc_xrt_AttachedFiles">Related Datasets</key>
    <key id="tc_xrt_attachments">Attachments</key>
    <key id="tc_xrt_attrInfo">Attribute Information</key>
    <key id="tc_xrt_AvailableRevisions">Available Revisions</key>
    <key id="tc_xrt_BackgroundModelElements">Background Model Elements</key>
    <key id="tc_xrt_BaselineInfo">Baseline</key>
    <key id="tc_xrt_BOM">BOM</key>
    <key id="tc_xrt_BrandAssets">Brand Assets</key>
    <key id="tc_xrt_BrandEquities">Brand Equities</key>
    <key id="tc_xrt_Briefs">Briefs</key>
    <key id="tc_xrt_CCObjectInformation">Collaboration Context Create Information</key>
    <key id="tc_xrt_ChildComponents">Child Components</key>
    <key id="tc_xrt_childRequirementLabel">Lists Child Requirements</key>
    <key id="tc_xrt_Claims">Claims</key>
    <key id="tc_xrt_ClassificationProperties">Classification Properties</key>
    <key id="tc_xrt_ComplyingObjects">Complying Objects</key>
	<key id="tc_xrt_component_specifications">Component Specifications</key>
    <key id="tc_xrt_ConfigurationContextInformation">Configuration Context Information</key>
    <key id="tc_xrt_Contents">Contents</key>
    <key id="tc_xrt_Copies">Copies</key>
    <key id="tc_xrt_Copy">Copy</key>
    <key id="tc_xrt_copy">Copy</key>
    <key id="tc_xrt_CopyElements">Copy Elements</key>
    <key id="tc_xrt_dateeffect">Date Effectivity</key>
    <key id="tc_xrt_DatumInformation">Datum Point Information</key>
    <key id="tc_xrt_DefiningObjects">Defining Objects</key>
    <key id="tc_xrt_Deliverables">Deliverables</key>
    <key id="tc_xrt_derived">Derived</key>
    <key id="tc_xrt_DesignBriefs">Design Briefs</key>
    <key id="tc_xrt_DesignElements">Related Design Components</key>
    <key id="tc_xrt_DesignSubsetElementInformation">Design Subset Element Information</key>
    <key id="tc_xrt_didyouknow">Did you know?</key>
    <key id="tc_xrt_Dielines">Dielines</key>
    <key id="tc_xrt_DLFAttributeForm">DLF Attribute Form</key>
    <key id="tc_xrt_DocumentInformation">Document Information</key>
    <key id="tc_xrt_DocumentProperties">Document Properties</key>
    <key id="tc_xrt_Documents">Documents</key>
    <key id="tc_xrt_doyouknow">Do you know?</key>
    <key id="tc_xrt_editstruct">Edit Structure</key>
    <key id="tc_xrt_effect">Effectivity</key>
    <key id="tc_xrt_EmailInformation">Email Information</key>
    <key id="tc_xrt_Family">Family</key>
    <key id="tc_xrt_Fastener">Fastener</key>
    <key id="tc_xrt_FastenerAttributeForm">Fastener Attribute Form</key>
    <key id="tc_xrt_FastenerGroup">Fastener Group</key>
    <key id="tc_xrt_FastenerGroupAttributeForm">Fastener Group Attribute Form</key>
    <key id="tc_xrt_FeatureVersionInformation">Feature Version Information</key>
    <key id="tc_xrt_Files">Files</key>
    <key id="tc_xrt_FolderInformation">Folder Information</key>
    <key id="tc_xrt_ForegroundModelElements">Foreground Model Elements</key>
    <key id="tc_xrt_General">General</key>
    <key id="tc_xrt_GeometricConstraintCollections">Geometric Constraint Collections</key>
    <key id="tc_xrt_GeometricConstraints">Geometric Constraints</key>
    <key id="tc_xrt_GraphicalElements">Graphical Elements</key>
    <key id="tc_xrt_GroupMembSetting">Group Member Settings</key>
    <key id="tc_xrt_History">History</key>
    <key id="tc_xrt_impactanalysis">Impact Analysis</key>
    <key id="tc_xrt_ItemInformation">Item Information</key>
    <key id="tc_xrt_ItemProperties">Item Properties</key>
    <key id="tc_xrt_ItemRevisionInformation">Item Revision Information</key>
    <key id="tc_xrt_ItemRevProperties">Item Revision Properties</key>
    <key id="tc_xrt_JoinedParts">Joined Parts</key>
    <key id="tc_xrt_Library">Library</key>
    <key id="tc_xrt_LibraryInformation">Library Information</key>
    <key id="tc_xrt_LibraryObject">Library Object</key>
    <key id="tc_xrt_LocalCopies">Local Copies</key>
    <key id="tc_xrt_LogisticsAreaInformation">Logistics Area Information</key>
    <key id="tc_xrt_LogisticBOPInformation">Logistic BOP Information</key>
    <key id="tc_xrt_LogisticFolderInformation">Logistic Folder Information</key>
    <key id="tc_xrt_LogisticsProcessInformation">Logistics Process Information</key>
    <key id="tc_xrt_MarketingBrief">Marketing Brief</key>
    <key id="tc_xrt_MarketingBriefs">Marketing Briefs</key>
    <key id="tc_xrt_master">Master</key>
    <key id="tc_xrt_MasterCopy">Master Copy</key> 
    <key id="tc_xrt_MEActivityInformation">Container Information</key>
    <key id="tc_xrt_MEContainerInformation">Additional Container Revision Information</key>
    <key id="tc_xrt_MEContainerRevisionInformation">Additional Container Revision Information</key>
    <key id="tc_xrt_MEDepartmentInformation">ME Department Information</key>
    <key id="tc_xrt_MEDepartmentRevisionInformation">ME Department Revision Information</key>
    <key id="tc_xrt_MEGenericBOPInformation">Generic BOP Information</key>
    <key id="tc_xrt_MELineInformation">ME Line Information</key>
    <key id="tc_xrt_MELineRevisionInformation">ME Line Revision Information</key>
    <key id="tc_xrt_MELogisticsAreaRevisionInformation">Additional Logistics Area Revision Information</key>
    <key id="tc_xrt_MELogisticBOPRevisionInformation">Logistic BOP Revision Information</key>
    <key id="tc_xrt_MELogisticRevisionInformation">Additional Logistic BOP Revision Information</key>
    <key id="tc_xrt_MELogisticFolderRevisionInformation">Logistic Folder Revision Information</key>
    <key id="tc_xrt_MELogisticsProcessRevisionInformation">Additional Logistics Process Revision Information</key>
    <key id="tc_xrt_Members">Members</key>
    <key id="tc_xrt_MEOPInformation">MEOP Information</key>
    <key id="tc_xrt_MEOPRevisionInformation">MEOP Revision Information</key>
    <key id="tc_xrt_MEPartFamilyRevisionInformation">Additional Part Family Revision Information</key>
    <key id="tc_xrt_MEPlantInformation">ME Plant Information</key>
    <key id="tc_xrt_MEPlantRevisionInformation">ME Plant Revision Information</key>
    <key id="tc_xrt_MEProcessInformation">ME Process Information</key>
    <key id="tc_xrt_MEProcessRevisionInformation">ME Process Revision Information</key>
    <key id="tc_xrt_MEProductLocationInformation">ME Product Location Information</key>
    <key id="tc_xrt_MEProductLocationRevisionInformation">ME Product Location Revision Information</key>
    <key id="tc_xrt_MESiteInformation">ME Site Information</key>
    <key id="tc_xrt_MESiteRevisionInformation">ME Site Revision Information</key>
    <key id="tc_xrt_MEStationInformation">ME Station Information</key>
    <key id="tc_xrt_MEStationRevisionInformation">ME Station Revision Information</key>
    <key id="tc_xrt_MEStudyRevisionInformation">Additional Study Revision Information</key>
    <key id="tc_xrt_MESupplyChainRevisionInformation">Additional Supply Chain Revision Information</key>
    <key id="tc_xrt_Mes0MESTXElementInformation">Standard Text Element Information</key>
    <key id="tc_xrt_Mes0MESTXElementRevisionInformation">Standard Text Element Revision Information</key>
    <key id="tc_xrt_Mes0MESTXFolderInformation">Standard Text Folder Information</key>
    <key id="tc_xrt_Mes0MESTXFolderRevisionInformation">Standard Text Folder Revision Information</key>
    <key id="tc_xrt_Mes0MESTXLibraryInformation">Standard Text Library Information</key>
    <key id="tc_xrt_Mes0MESTXLibraryRevisionInformation">Standard Text Library Revision Information</key>
    <key id="tc_xrt_MEVehicleRevisionInformation">Additional Vehicle Revision Information</key>
    <key id="tc_xrt_MEWorkareaInformation">ME Work Area Information</key>
    <key id="tc_xrt_MEWorkareaRevisionInformation">ME Work Area Revision Information</key>
    <key id="tc_xrt_NewItem">New Item</key>
    <key id="tc_xrt_NewFolder">New Folder</key>
    <key id="tc_xrt_objinfo">Object Information</key>
    <key id="tc_xrt_OccurrenceGroupInformation">Occurrence Group Create Information</key>
    <key id="tc_xrt_OtherRelatedItems">Other Related Items</key>
    <key id="tc_xrt_Overview">Overview</key>
    <key id="tc_xrt_Package">Package</key>
    <key id="tc_xrt_PackageConcepts">Package Concepts</key>
    <key id="tc_xrt_PackageItems">Package Items</key>
    <key id="tc_xrt_PackageRoughs">Package Roughs</key>
    <key id="tc_xrt_Packages">Packages</key>
    <key id="tc_xrt_PackConcepts">Package Concepts</key>
    <key id="tc_xrt_ParmGrpDefInformation">Parameter Group Definition Information</key>
    <key id="tc_xrt_ParentAssemblies">Parent Assemblies</key>
    <key id="tc_xrt_part">Part</key>
    <key id="tc_xrt_PartFamilyInformation">Part Family Information</key>
    <key id="tc_xrt_PersonInfo">Personal Information</key>
    <key id="tc_xrt_PlantBOPInformation">Plant BOP Information</key>
    <key id="tc_xrt_PlantBOPRevisionInformation">Plant BOP Revision Information</key>
    <key id="tc_xrt_PreferredItems">Preferred Items</key>
    <key id="tc_xrt_Preview">Preview</key>
    <key id="tc_xrt_preview">Preview</key>
    <key id="tc_xrt_ProductBOPInformation">Product BOP Information</key>
    <key id="tc_xrt_ProcessAreaInformation">Process Area Information</key>
    <key id="tc_xrt_ProcessAreaRevisionInformation">Process Area Revision Information</key>
    <key id="tc_xrt_ProcessLineInformation">Process Line Information</key>
    <key id="tc_xrt_ProcessLineRevisionInformation">Process Line Revision Information</key>
    <key id="tc_xrt_ProcessResourceInformation">Process Resource Information</key>
    <key id="tc_xrt_ProcessResourceRevisionInformation">Process Resource Revision Information</key>
    <key id="tc_xrt_ProcessStationInformation">Process Station Information</key>
    <key id="tc_xrt_ProcessStationRevisionInformation">Process Station Revision Information</key>
    <key id="tc_xrt_Products">Products</key>    
    <key id="tc_xrt_ProgramData">Program Data</key>
    <key id="tc_xrt_Project">Project</key>
    <key id="tc_xrt_ProjectData">Project Data</key>
    <key id="tc_xrt_Projects">Projects</key>
    <key id="tc_xrt_projinfo">Project Information</key>
    <key id="tc_xrt_properties">Properties</key>
    <key id="tc_xrt_Properties">Properties</key>
    <key id="tc_xrt_quotes">Quotes</key>
    <key id="tc_xrt_ReferencedbyArtworks">Referenced by Artworks</key>
    <key id="tc_xrt_ReferencedbyBrandEquities">Referenced by Brand Equities</key>
    <key id="tc_xrt_ReferencedbyCopies">Referenced by Copies</key>
    <key id="tc_xrt_ReferencedbyCopyElements">Referenced by Copy Elements</key>
    <key id="tc_xrt_ReferencedbyDesignBriefs">Referenced by Design Briefs</key>
    <key id="tc_xrt_ReferencedbyGraphicalElements">Referenced by Graphical Elements</key>
    <key id="tc_xrt_ReferencedbyMarketingBriefs">Referenced by Marketing Briefs</key>
    <key id="tc_xrt_ReferencedbyPackageItems">Referenced by Package Items</key>
    <key id="tc_xrt_ReferencedbyTechnicalBriefs">Referenced by Technical Briefs</key>
    <key id="tc_xrt_RelatedBaselines">Supporting Baselines</key>
    <key id="tc_xrt_RelatedCopies">Related Copies</key>
    <key id="tc_xrt_RelatedItems">Related Items</key>
    <key id="tc_xrt_RelatedObjects">Related Objects</key>
    <key id="tc_xrt_Requirements">Requirements</key>
    <key id="tc_xrt_Reservation">Reservation</key>
    <key id="tc_xrt_Roles">Roles</key>
    <key id="tc_xrt_revise">Revise</key>
    <key id="tc_xrt_ScheduleNameandDescription">Enter Schedule Name and Description</key>
    <key id="tc_xrt_ScheduleTaskCreationInformation">Enter Task Name and Description</key>  
    <key id="tc_xrt_ScheduleOptions">Schedule Options</key>
    <key id="tc_xrt_Sealants">Sealants</key>
    <key id="tc_xrt_Shadow">Shadow</key>
    <key id="tc_xrt_Signatures">Signatures</key>
    <key id="tc_xrt_Site">Site</key>
    <key id="tc_xrt_Specifications">Specifications</key>
    <key id="tc_xrt_SpotWeldAttributeForm">Spot Weld Attribute Form</key>
    <key id="tc_xrt_Structure">Structure</key>
    <key id="tc_xrt_structure">Structure</key>
    <key id="tc_xrt_Structure*">Structure *</key>
    <key id="tc_xrt_StudyInformation">Study Information</key>
    <key id="tc_xrt_StructureContextInformation">Structure Context Information</key>
    <key id="tc_xrt_SupplyChainInformation">Supply Chain Information</key>
    <key id="tc_xrt_Summary">Summary</key>
    <key id="tc_xrt_Tasks">Tasks</key>
    <key id="tc_xrt_TechnicalBriefs">Technical Briefs</key>
    <key id="tc_xrt_ThemeBoards">Theme Boards</key>
    <key id="tc_xrt_traceLinkRequirementLabel">Lists Trace Link Requirements</key>
    <key id="tc_xrt_TraceLinks*">Trace Links *</key>
    <key id="tc_xrt_TradeItem">Trade Item</key>
    <key id="tc_xrt_uniteffect">Unit Effectivity</key>
    <key id="tc_xrt_unwantobj">Unwanted Object(s)</key>
    <key id="tc_xrt_Users">Users</key>
    <key id="tc_xrt_VendorParts">Vendor Parts</key>
    <key id="tc_xrt_VendorParts*">Vendor Parts *</key>
    <key id="tc_xrt_Vendors">Vendors</key>
    <key id="tc_xrt_VehicleInformation">Vehicle Information</key>
    <key id="tc_xrt_viewlight">View Lightweight</key>
    <key id="tc_xrt_viewrel">View Relations</key>
    <key id="tc_xrt_viewWork">View Workflow</key>
    <key id="tc_xrt_WeldPointInformation">Weld Point Information</key>
    <key id="tc_xrt_WherePartitioned">Where Partitioned</key>
    <key id="tc_xrt_WhereUsed">Where Used</key>
    <key id="tc_xrt_WhereUsed*">Where Used *</key>
    <key id="tc_xrt_WorkContext">Work Context</key>
    <key id="tc_xrt_Workflow">Workflow</key>
    <key id="tc_xrt_workProcTasks">Task(s)</key>
    <!-- XRT keys for ASMaintained stylesheets -->
    <key id="tc_xrt_PhysicalLocationInformation">Physical Location Information</key>
    <!-- XRT keys for ME stylesheets -->
    <key id="tc_xrt_BooleanDCDInformation">Boolean Data Collection Information</key>
    <key id="tc_xrt_BuyoffDCDInformation">Buy-off Data Collection Information</key>
    <key id="tc_xrt_createldinformation">Logical Designator Create Information</key>
    <key id="tc_xrt_createpartitioninformation">Partition Create Information</key>
    <key id="tc_xrt_DurationDCDInformation">Duration Data Collection Information</key>
    <key id="tc_xrt_EndTimeDCDInformation">Procedure Completion Data Collection Information</key>
    <key id="tc_xrt_IntegerDCDInformation">Integer Data Collection Information</key>
    <key id="tc_xrt_IntegerPIFInformation">Integer Planner Field Information</key>
    <key id="tc_xrt_RealDCDInformation">Real Number Data Collection Information</key>
    <key id="tc_xrt_RealPIFInformation">Real Number Planner Field Information</key>
    <key id="tc_xrt_StringDCDInformation">String Data Collection Information</key>
    <key id="tc_xrt_StringPIFInformation">String Planner Field Information</key>
    <key id="tc_xrt_TimeDCDInformation">Time Stamp Data Collection Information</key>
    <key id="tc_xrt_ImageDCDInformation">Image Data Collection Information</key>
    <!-- XRT keys for Mes0ME stylesheets -->
    <key id="tc_xrt_LogicalDesignatorCreateInformation">Logical Designator Create Information</key>
    <key id="tc_xrt_WorkInstructionsSymbolFolderInformation">Work Instructions Symbol Folder Information</key>
    <key id="tc_xrt_WorkInstructionsSymbolInformation">Work Instructions Symbol Information</key>
    <key id="tc_xrt_WorkInstructionsSymbolLibraryInformation">Work Instructions Symbol Library Information</key>
    <!-- XRT keys for Color BOM stylesheets -->
    <key id="tc_xrt_AssignColorSpecID">Assign Color Specification</key>
    <key id="tc_xrt_ColorAppearanceCreateInformation">Color Appearance Creation Information</key>
    <key id="tc_xrt_ColorCreateInformation">Color Creation Information</key>
    <key id="tc_xrt_ColorRuleCreateInformation">Color Rule Creation Information</key>
    <key id="tc_xrt_ColorSpecificationCreateInformation">Color Specification Creation Information</key>
    <key id="tc_xrt_Conversion">Convert to All Color Standards</key>
    <key id="tc_xrt_CreateCMYKSpecRelInformation">Create CMYK Color Definition</key>
    <key id="tc_xrt_CreateHSVSpecRelInformation">Create HSV Color Definition</key>
    <key id="tc_xrt_CreateLABSpecRelInformation">Create CIELab Color Definition</key>
    <key id="tc_xrt_CreateRGBSpecRelInformation">Create RGB Color Definition</key>
    <key id="tc_xrt_GlossCreateInformation">Gloss Creation Information</key>
    <key id="tc_xrt_TextureCreateInformation">Texture Creation Information</key>
    <!-- XRT keys for command -->
    <key id="tc_xrt_addNew">Add New...</key>
    <key id="tc_xrt_AssignParticipants">Assign Participants...</key>
    <key id="tc_xrt_assignToProject">Assign to Project</key>
    <key id="tc_xrt_browseRelations">Browse Relations</key>
    <key id="tc_xrt_createFunc">Create a Function...</key>
    <key id="tc_xrt_createLogicalBlock">Create a Logical Block...</key>
    <key id="tc_xrt_createSpec">Create a Specification...</key>
    <key id="tc_xrt_importSpec">Import a Specification...</key>
    <key id="tc_xrt_manage">Manage</key>
    <key id="tc_xrt_moreProperties">More Properties...</key>
    <key id="tc_xrt_newProc">New Workflow Process...</key>
    <key id="tc_xrt_openInSE">Open in Systems Engineering</key>
    <key id="tc_xrt_openInSM">Open selected in Structure Manager</key>
    <key id="tc_xrt_removeFromProject">Remove from Project</key>
    <key id="tc_xrt_structureManager">Structure Manager</key>
    <key id="tc_xrt_TraceabilityReport">Traceability Report</key>
    <!-- XRT keys for Label -->
    <key id="tc_xrt_asmBVR">Assembly data is stored in a BOM view Revision.&#10;When double-clicking on a BOM View, its assembly is opened in the Structure Manager application.</key>
    <key id="tc_xrt_bvrASMStr">A BOM View Revision stores the single-level assembly structure of an Item Revision.</key>
    <key id="tc_xrt_bvrIRcreate">BOM View Revisions are only meaningful in the context of the Item Revisions for which they are created.</key>
    <key id="tc_xrt_bvrStruManag">Double-clicking on a BOM View Revision opens that particular revision BOM in the Structure Manager application.</key>
    <key id="tc_xrt_changeItem">By default, the command does not allow a change to the type of the Item.</key>
    <key id="tc_xrt_contEnvelope">The "Contents" section below only shows Envelope objects.</key>
    <key id="tc_xrt_contFolder">The "Contents" section below only shows Items and Folders.</key>
    <key id="tc_xrt_datasetToRevision">This tab shows the datasets (files) that are attached to this revision.</key>
    <key id="tc_xrt_delFolder">Deletion of a Folder does not delete its contents.</key>
    <key id="tc_xrt_editButton">Use the "Edit" button to modify the Item Revision Master Form Attributes displayed in the table.</key>
    <key id="tc_xrt_importDragNDrop">Files can be imported from Windows by dragging and dropping them on a revision.</key>
    <key id="tc_xrt_inboxFolder">The Inbox contains three folders: Tasks to Perform, Tasks to Track and Schedule Tasks.</key>
    <key id="tc_xrt_inboxTask">Use the Inbox to perform Workflow jobs, Schedule Tasks and view additional information.</key>
    <key id="tc_xrt_inboxTaskDisp">If the Inbox contains unviewed tasks, its name is highlighted and the number of unviewed tasks is displayed.</key>
    <key id="tc_xrt_noChildComponents">No child components for this part.</key>
    <key id="tc_xrt_noParentAssemblies">No parent assemblies for this part.</key>
    <key id="tc_xrt_noVendorParts">This part does not contain any Vendor Part.</key>
    <key id="tc_xrt_openProjectAppLabel">Open the Project application to manage the project</key>
    <key id="tc_xrt_noPropInfo">This object has no properties to display.</key>
    <key id="tc_xrt_objaccident">This tab shows objects that were most likely attached by accident.</key>
    <key id="tc_xrt_objcut">You can correct this by cutting the object(s) here.</key>
    <key id="tc_xrt_objdragndrop">These objects are usually here because of drag-n-drop actions.</key>
    <key id="tc_xrt_part_editButton">Use the "Edit" button to modify the Part Revision Master Form Attributes displayed in the table.</key>
    <key id="tc_xrt_review_pkg_editButton">Use the "Edit" button to modify the Review Package Revision Master Form Attributes displayed in the table.</key>
    <key id="tc_xrt_saveAsItemID">The "Item Save As" command only allows to save an Item to a different Item ID.</key>
    <key id="tc_xrt_saveAsItemRevID">The "Item Revision Save As" command allows to save an Item Revision to a different Item ID.</key>
    <key id="tc_xrt_selCompAssem">This tab shows components and/or sub-assemblies of the selected assembly.</key>
    <key id="tc_xrt_selParAssem">This tab shows the parent assemblies of the selected component/assembly.</key>
    <key id="tc_xrt_standard_editButton">Use the "Edit" button to modify the standard Revision Master Form Attributes displayed in the table.</key>
    <key id="tc_xrt_taskPerform">Any assigned task appears in the "Tasks to Perform" folder.&#10;Once the completion criteria of a task are met (for example, the required quorum of approvals for a perform-signoffs task have been granted), the task is completed and is removed from the folder.</key>
    <key id="tc_xrt_useLinks">Use the links below to open objects from the list.</key>
    <key id="tc_xrt_welcomeInbox">Welcome to "Inbox".</key>
    <key id="tc_xrt_welcomeWorklist">Welcome to "My Worklist"</key>
    <key id="tc_xrt_workflowInitiateTask">If you initiate a process but are not responsible for the currently active task, Teamcenter places the task in the "Tasks to Track" folder.&#10;When the completion criteria of the task are met, it is removed from the folder.</key>
    <key id="tc_xrt_workflowTaskRemoveColorCoded">Tasks are color-coded:&#10;black = The task has no duration.&#10;green = The task duration has not been exceeded.&#10;red = The task duration has been exceeded.</key>
    <key id="tc_xrt_workflowTaskSchedule">Schedule Tasks are normally assigned from a schedule.&#10;You can also take responsibility for a task.</key>
    <key id="tc_xrt_worklistInbox">The Worklist tree includes the Inbox.</key>
    <key id="tc_xrt_worklistTree">The Worklist tree can also include the inbox of users for whom you are acting as surrogate.</key>
    <key id="tc_xrt_workProcCurObj">This tab shows the workflow processes referencing the current object.</key>
    <!-- XRT keys for worklist -->
    <key id="tc_xrt_Comments">Comments</key>
    <key id="tc_xrt_ItemRevisionTargets">Item Revision Targets</key>
    <key id="tc_xrt_ParentProcess">Parent Process</key>
    <key id="tc_xrt_ParentSubProcess">Sub-Processes</key>
    <key id="tc_xrt_ProjectTasks">Project Tasks</key>
    <key id="tc_xrt_References">References</key>
    <key id="tc_xrt_RemSchedule">Remote Schedule</key>
    <key id="tc_xrt_Schedules">Schedules</key>
    <key id="tc_xrt_ScheduleTasks">Schedule Tasks</key>
    <key id="tc_xrt_Signoffs">Signoffs</key>
    <key id="tc_xrt_Targets">Targets</key>
    <key id="tc_xrt_TasksInstruct">Task Instructions</key>
    <key id="tc_xrt_TasksToPerform">Tasks to Perform</key>
    <key id="tc_xrt_TasksToTrack">Tasks to Track</key>
    <key id="tc_xrt_ViewWorkflow">View Entire Workflow</key>
    <key id="tc_xrt_WorkflowCancel">Cancel Workflow</key>
    <key id="tc_xrt_WorkflowPerform">Perform</key>
    <key id="tc_xrt_WorkflowPerformReview">Perform Review</key>
    <key id="tc_xrt_WorkflowProp">Workflow Properties</key>
    <key id="tc_xrt_WorkflowReviewers">Select Reviewers</key>
    <!-- XRT keys for Change Management -->
    <key id="tc_xrt_AffectedItems">Affected Items</key>
    <key id="tc_xrt_AssignedParticipants">Assigned Participants</key>
    <key id="tc_xrt_BOMChanges">BOM Changes</key>
    <key id="tc_xrt_ChangeHistory">Change History</key>
    <key id="tc_xrt_ChangeProperties">Change Properties</key>
    <key id="tc_xrt_cm_additional_information">Additional Information</key>
    <key id="tc_xrt_cm_attachments">Attachments</key>
    <key id="tc_xrt_cm_change_participants">Change Participants</key>
    <key id="tc_xrt_cm_general_information">General Information</key>
    <key id="tc_xrt_cm_owner_reservation_details">Owner Reservation Details</key>
    <key id="tc_xrt_cm_status">Status</key>
    <key id="tc_xrt_ImpactedItems">Impacted Items</key>
    <key id="tc_xrt_ImpactedItemsInfo">Impacted Items are the old revision or version of content (Part, Design Component, Part Usage, Document, Item revision, etc.) being revised or replaced as part of the change.</key>
    <key id="tc_xrt_PlanItems">Plan Items</key>
    <key id="tc_xrt_ProblemItems">Problem Items</key>
    <key id="tc_xrt_ProblemItemsInfo">Problem Items are the contents (Part, Design Component, Part Usage, Document, Item revision etc.) causing the change.</key>
    <key id="tc_xrt_ProcessInfo">Process Information</key>
    <key id="tc_xrt_ReferenceFiles">Reference Files</key>
    <key id="tc_xrt_ReferenceItems">Reference Items</key>
    <key id="tc_xrt_ReferenceItemsInfo">Reference Items and Files are not modified or released by the Change.</key>
    <key id="tc_xrt_SolutionItems">Solution Items</key>
    <key id="tc_xrt_SolutionItemsInfo">Solution Items are the new revisions or versions of content (Part, Design Component, Part Usage, Document, Item revision, etc.) that are to be released by this change.</key>
    <key id="tc_xrt_WorkflowInfo">Active Workflow Process Information</key>
    <!-- XRT keys for ProductVariant -->
    <key id="tc_xrt_ProductVariantInformation">Product Variant Information</key>
    <key id="tc_xrt_ProductVariantIntentInformation">Product Variant Intent Information</key>
    <!-- XRT keys for MRO Core -->
    <key id="tc_xrt_FaultCodeInformation">Fault Code Information</key>
    <key id="tc_xrt_DispositionHistory">Disposition History</key>
    <key id="tc_xrt_LocationHistory">Location History</key>
    <key id="tc_xrt_LogEntries">Log Entries</key>
    <key id="tc_xrt_MROCreate">Maintenance, Repair and Overhaul Creation</key>
    <key id="tc_xrt_ServiceDiscrepancies">Service Discrepancies</key>
    <key id="tc_xrt_ServiceEvents">Service Events</key>
    <key id="tc_xrt_smr0Contains">Contains</key>
    <key id="tc_xrt_smr0Contents">Contents</key>
    <key id="tc_xrt_smr0Faults">Faults</key>
    <key id="tc_xrt_smr0Parts">Parts</key>
    <key id="tc_xrt_smr0PhysicalParts">Physical Part(s)</key>
    <key id="tc_xrt_smr0RecordedUtilization">Recorded Utilization</key>
    <key id="tc_xrt_smr0References">References</key>
    <key id="tc_xrt_smr0Skills">Skills</key>
    <key id="tc_xrt_Utilization">Utilization</key>
    <!-- XRT keys for Service Request Processing -->
    <key id="tc_xrt_srp0CatalogPart">Catalog Part</key>
    <key id="tc_xrt_srp0ContactInfo">Contact Information</key>
    <!-- XRT keys for Service Processing -->
    <key id="tc_xrt_spr0CorrectiveAction">Corrected Discrepancies</key>
    <key id="tc_xrt_spr0PartsMoved">Part Movements</key>
    <key id="tc_xrt_spr0RequestsPart">Part Requests</key>
    <!-- XRT keys for Service Scheduling -->
    <key id="tc_xrt_sss0DiscrepancyDiscovered">Discovered Discrepancies</key>
    <key id="tc_xrt_sss0ResultingInfo">Resulting Information</key>
    <key id="tc_xrt_sss0SubTasks">Sub-tasks</key>
    <key id="tc_xrt_sss0SupportingInfo">Supporting Information</key>
    <key id="tc_xrt_sss0UpdateConfiguration">Update Configuration</key>
    <key id="tc_xrt_sss0RequiredNeutralResource">Resources</key>
    <key id="tc_xrt_sss0Zone">Zone</key>
    <!-- XRT keys for Service Plan -->
    <key id="tc_xrt_ActivityInformation">Activity Information</key>
    <key id="tc_xrt_AvailableData">Measurement Characteristics</key>
    <key id="tc_xrt_AvailablePartApplicablity">Part Applicability</key>
    <key id="tc_xrt_AvailableReferences">References</key>
    <key id="tc_xrt_AvailableRequiredBy">Required By Service Requirements</key>
    <key id="tc_xrt_AvailableRequires">Requires Service Requirements</key>
    <key id="tc_xrt_AvailableResolves">Fault</key>
    <key id="tc_xrt_AvailableSatisfiedBy">Satisfied By Service Requirements</key>
    <key id="tc_xrt_AvailableSatisfies">Satisfies Service Requirements</key>
    <key id="tc_xrt_AvailableSpecification">Specifications</key>
    <key id="tc_xrt_AvailableUpgrades">Upgrades</key>
    <key id="tc_xrt_AvailableWarnings">Notices</key>
    <key id="tc_xrt_ServiceContainerInformation">Service Container Information</key>
    <key id="tc_xrt_ServicePartitionInformation">Service Partition Information</key>
    <key id="tc_xrt_ServicePlanInformation">Service Plan Information</key>
    <key id="tc_xrt_ServiceRequirementInformation">Service Requirement Information</key>
    <key id="tc_xrt_SkillInformation">Skill Information</key>
    <key id="tc_xrt_WarningInformation">Notice Information</key>
    <key id="tc_xrt_WorkCardInformation">Work Card Information</key>
    <key id="tc_xrt_Fnd0ReqdQual">Qualifications</key>
    <key id="tc_xrt_SSP0RequiredResultingInfo">Required Resulting Information</key>
    <!-- XRT keys for 4GD create rendering -->
    <key id="tc_xrt_AdditionalPartitionItemInfo">Additional Partition Item Information</key>
    <key id="tc_xrt_AdditionalSubsetItemInfo">Additional Subset Item Information</key>
    <key id="tc_xrt_AdditionalWorksetInfo">Additional Workset Information</key>
    <key id="tc_xrt_CollaborativeDesignInfo">Product Design Information</key>
    <key id="tc_xrt_CreateOptions">Create Options</key>
    <key id="tc_xrt_DesignElementInfo">Design Component Information</key>
    <key id="tc_xrt_PartitionInfo">Partition Information</key>
    <key id="tc_xrt_PartitionItemInfo">Partition Item Information</key>
    <key id="tc_xrt_PartitionItemRevisionInfo">Partition Item Revision Information</key>
    <key id="tc_xrt_PartitionSchemeInfo">Partition Scheme Information</key>
    <key id="tc_xrt_ShapeDesignInfo">Shape Design Information</key>
    <key id="tc_xrt_ShapeDesignRevisionInfo">Shape Design Revision Information</key>
    <key id="tc_xrt_SubsetDefaultsInfo">Subset Defaults Information</key>
    <key id="tc_xrt_SubsetInfo">Subset Information</key>
    <key id="tc_xrt_SubsetItemInformation">Subset Item Information</key>
    <key id="tc_xrt_SubsetItemRevisionInfo">Subset Item Revision Information</key>
    <key id="tc_xrt_WorksetInfo">Workset Information</key>
    <key id="tc_xrt_WorksetRevisionInfo">Workset Revision Information</key>
    <!-- XRT keys for Lifecycle Interoperability Service -->
    <key id="tc_xrt_Osl0LinkInformation">Resource Link Information</key>
    <key id="tc_xrt_RelatedLinks">Related Links</key>
    <!-- XRT keys for Aerospace and Defense Change Management Stylesheet rendering view names -->
    <key id="tc_xrt_attachNote">Attach</key>
    <key id="tc_xrt_ads_attributes">Aerospace and Defense Attributes</key>
    <key id="tc_xrt_AdditionalDesignInformation">Additional Design Information</key>
    <key id="tc_xrt_AdditionalDrawingInformation">Additional Drawing Information</key>
    <key id="tc_xrt_AdditionalPartInformation">Additional Part Information</key>
    <key id="tc_xrt_AdditionalTechnicalDocumentInformation">Additional Technical Document Information</key>
    <key id="tc_xrt_CustomNotesLists">Custom Notes Lists</key>
    <key id="tc_xrt_DesignInformation">Design Information</key>
    <key id="tc_xrt_DesignRevisionInformation">Design Revision Information</key>
    <key id="tc_xrt_DrawingInformation">Drawing Information</key>
    <key id="tc_xrt_DrawingRevisionInformation">Drawing Revision Information</key>
    <key id="tc_xrt_ListsDrawingRevisions">Lists Drawing Revisions</key>
    <key id="tc_xrt_ListsPartRevisions">Lists Part Revisions</key>
    <key id="tc_xrt_ListsParts">Lists Parts</key>
    <key id="tc_xrt_PartInformation">Part Information</key>
    <key id="tc_xrt_PartRevisionInformation">Part Revision Information</key>
    <key id="tc_xrt_repStdNote">Replace</key>
    <key id="tc_xrt_StandardNotesLists">Standard Notes Lists</key>
    <key id="tc_xrt_SourceDocument">Source Document Details</key>
    <key id="tc_xrt_TechnicalDocumentInformation">Technical Document Information</key>
    <key id="tc_xrt_TechnicalDocumentRevisionInformation">Technical Document Revision Information</key>
    <!-- XRT keys for Architecture  rendering -->
    <key id="tc_xrt_ArchitectureInformation">Architecture Information</key>
    <!-- XRT keys for CPG project stylesheet rendering view names -->
    <key id="tc_xrt_Brands">Brands</key>
    <key id="tc_xrt_Schedule">Schedule</key>
    <key id="tc_xrt_Team">Team</key>
    <!-- XRT keys for Validation Manager Stylesheet rendering view names -->
    <key id="tx_xrt_ChangeProperties">Change Properties</key>
    <key id="tc_xrt_NXCheckMateCreateInformation">NX Check-Mate Information</key>
    <key id="tc_xrt_NXCheckMateRevCreateInformation">NX Check-Mate Revision Information</key>
    <key id="tc_xrt_NXCMValDataCreateInformation">NX Check-Mate Checker Information</key>
    <key id="tc_xrt_NXCMValDataRevCreateInformation">NX Check-Mate Checker Revision Information</key>
    <key id="tc_xrt_NXRDDVValDataCreateInformation">NX Requirement Checker General Information</key>
    <key id="tc_xrt_OverrideInformation">Override Information</key>
    <!-- [Also in swing stylesheet_locale.properties] -->
    <!-- XRT keys for Create CondValData rendering -->
    <key id="tc_xrt_CondValDataCreate_general_information">General Information</key>
    <key id="tc_xrt_CondValDataRevisionInformation">Condition Validation Data Revision Information</key>
    <!-- XRT keys for Create CondValAgent rendering -->
    <key id="tc_xrt_CondValAgentCreateInformation">Condition Validation Agent Information</key>
    <key id="tc_xrt_CondValAgentRevCreateInformation">Condition Validation Agent Revision Information</key>
    <!-- XRT keys for Issue Management Stylesheet rendering view names -->
    <key id="tc_xrt_issuemgmt_attachments">Attachments</key>
    <key id="tc_xrt_IssueAttachments">Attachments</key>
    <key id="tc_xrt_issuemgmt_available_issue_fixed_images">Available Issue Fixed Images</key>
    <key id="tc_xrt_issuemgmt_available_issue_images">Available Issue Images</key>
    <key id="tc_xrt_issuemgmt_change_participants">Change Participants</key>
    <key id="tc_xrt_issuemgmt_general_information">General Information</key>
    <key id="tc_xrt_issuemgmt_owner_reservation_details">Owner Reservation Details</key>
    <key id="tc_xrt_issuemgmt_status">Status</key>
    <!-- XRT keys for Contract management -->
    <key id="tc_xrt_ContractEventSchedule">Contract Event Schedule</key>
    <key id="tc_xrt_Contracts">Contracts</key>
    <key id="tc_xrt_Correspondences">Correspondences</key>
    <key id="tc_xrt_DataItemDescriptions">Data Item Descriptions</key>
    <key id="tc_xrt_DataRequirementItems">Data Requirement Items</key>
    <key id="tc_xrt_Revisions">Revisions</key>
    <key id="tc_xrt_Submittals">Submittals</key>
    <key id="tc_xrt_SubmittalSchedule">Submittal Schedule</key>
    <!-- XRT keys for Systems Engineering Create Rendering -->
    <key id="tc_xrt_CustomRequirementInformation">Custom Note Information</key>
    <key id="tc_xrt_ParagraphInformation">Paragraph Information</key>
    <key id="tc_xrt_RequirementInformation">Requirement Information</key>
    <key id="tc_xrt_RequirementSpecInformation">Requirement Specification Information</key>
    <key id="tc_xrt_Tracelink">Trace Link</key>
    <!-- XRT keys for Content Management-->
    <key id="tc_xrt_Address">Address</key>
    <key id="tc_xrt_cdi0DitaValFilterTblKey">DITA Value Filter Table</key>
    <key id="tc_xrt_Contact">Contact</key>
    <key id="tc_xrt_ctm0GrphcAttrMapTblKey">Graphic Attribute Map Table</key>
    <key id="tc_xrt_ctm0LanguageKey">Language Table</key>
    <key id="tc_xrt_ctm0NamspaceTblKey">Namespaces Table</key>
    <key id="tc_xrt_ctm0PolicesKey">Policies</key>
    <key id="tc_xrt_ctm0XmlAttrMapTblKey">XML Attribute Map Table</key>
    <key id="tc_xrt_CommentaryDetails">Commentary Details</key>
    <key id="tc_xrt_DataDispatchNoteDetails">Data Dispatch Note Details</key>
    <key id="tc_xrt_DataModuleCode">Data Module Code</key>
    <key id="tc_xrt_DataModuleListDetails">Data Module List Details</key>
    <key id="tc_xrt_Details">Details</key>
    <key id="tc_xrt_DispatchFrom">Dispatch From</key>
    <key id="tc_xrt_DispatchInformation">Dispatch Information</key>
    <key id="tc_xrt_DispatchTo">Dispatch To</key>
    <key id="tc_xrt_IssueDetails">Issue Details</key>
    <key id="tc_xrt_OtherDataModuleDetails">Other Data Module Details</key>
    <key id="tc_xrt_OtherDetails">Other Details</key>
    <key id="tc_xrt_OtherPublicationDetails">Other Publication Details</key>
    <key id="tc_xrt_PublicationDetails">Publication Details</key>
    <key id="tc_xrt_UpdateFileDetails">Update File Details</key>
    <!-- XRT keys for Part/Vendor stylesheets -->
    <key id="tc_xrt_CommercialParts">Commercial Parts</key>
    <key id="tc_xrt_Contacts">Contacts</key>
    <key id="tc_xrt_items">Items</key>
    <key id="tc_xrt_Locations">Locations</key>
    <key id="tc_xrt_Notes">Notes</key>
    <key id="tc_xrt_Ownership">Ownership</key>
    <key id="tc_xrt_Parts">Parts</key>
    <key id="tc_xrt_PartsNotes">Vendor and Commercial Parts are to be attached at the Vendor Item level, not at the Vendor Revision level.</key>
    <key id="tc_xrt_QualityDocuments">Quality Documents</key>
    <key id="tc_xrt_Quotes">Quotes</key>
    <key id="tc_xrt_RevisionHistory">Revision History</key>
    <key id="tc_xrt_SupplierAttachments">Supplier Attachments</key>
    <key id="tc_xrt_SupplierAttributes">Supplier Attributes</key>
    <key id="tc_xrt_SupplierInformation">Respondent Information</key>
    <key id="tc_xrt_SupplierItems">Supplier Items</key>
    <key id="tc_xrt_Vendor">Vendor</key>
    <key id="tc_xrt_VendorNotes">Locations and Contacts are attached at the Vendor Item level, not this Vendor Revision.</key>
    <key id="tc_xrt_VendorsInfo">A Vendor Part cannot be attached directly to a Commercial Part. Create and attach a Vendor Part in the section above.</key>
    <!-- XRT Keys for EDA stylesheets -->
    <key id="tc_xrt_DerivedDatasets">Derived Datasets</key>
    <key id="tc_xrt_DerivedItems">Derived Items</key>
    <key id="tc_xrt_PWB">PWB</key>
    <key id="tc_xrt_Schematic">Schematic</key>
    <key id="tc_xrt_Variants">Variants</key>
    <!-- XRT Keys for audit logs page rendering in summary view -->
    <key id="tc_xrt_AuditLogs">Audit Logs</key>
    <key id="tc_xrt_DigitalSignatureLogs">Digital Signature Logs</key>
    <key id="tc_xrt_ExportToCSV">Export To CSV</key>
    <key id="tc_xrt_ExportToExcel">Export To Excel</key>
    <key id="tc_xrt_FileAccessLogs">File Access Logs</key>
    <key id="tc_xrt_GeneralLogs">General Logs</key>
    <key id="tc_xrt_LicenseChangeLogs">License Change Logs</key>
    <key id="tc_xrt_LicenseExportLogs">License Export Logs</key>
    <key id="tc_xrt_OrganizationLogs">Organization Logs</key>
    <key id="tc_xrt_ScheduleLogs">Schedule Logs</key>
    <key id="tc_xrt_SecurityLogs">Security Logs</key>
    <key id="tc_xrt_StructureLogs">Structure Logs</key>
    <key id="tc_xrt_TaskLogs">Task Logs</key>
    <key id="tc_xrt_WorkflowLogs">Workflow Logs</key>

    <!-- XRT Keys for Work Package Management -->
    <key id="tc_xrt_WorkPackageContents">Contents</key>
    <!-- XRT Keys for Finish Management rendering -->
    <key id="tc_xrt_addFinishAction">Add Finish</key>
    <key id="tc_xrt_assignFinishAction">Assign Finish</key>
    <key id="tc_xrt_FinishInfo">Finish Information</key>
    <key id="tc_xrt_FinishGroupInfo">Finish Group Information</key>
    <key id="tc_xrt_fsh0Finishes">Finishes</key>
    <key id="tc_xrt_fsh0FinishSequence">Finish Sequence</key>
    <key id="tc_xrt_removeFinishAction">Remove Finish</key>
    <!-- Keys for StockMaterial rendering -->
    <key id="tc_xrt_SM0MadeFrom">Made From</key>
    <!-- Keys for Material Management rendering -->
    <key id="tc_xrt_Mat1MaterialAndSubstanceInfo">Material and Substance Information</key>
    <key id="tc_xrt_Mat1Materials">Materials</key>
    <!-- Keys for Substance Compliance rendering -->
    <key id="tc_xrt_AbsDecls">Abstract Declarations</key>
    <key id="tc_xrt_CMDInformation">Conflict Mineral Information</key>
    <key id="tc_xrt_Scp0ComplianceDocuments">Documents Received from Vendors</key>
    <key id="tc_xrt_Scp0ComplianceResults">Substance Compliance Results</key>
    <key id="tc_xrt_Scp0SmelterMines">Smelter Mines</key>
    <key id="tc_xrt_Scp0SupplierDeclsCMD">Conflict Mineral Declaration Documents from Suppliers</key>
    <key id="tc_xrt_Scp0SupplierDeclsMSD">Material Substance Declaration Documents from Suppliers</key>
    <key id="tc_xrt_Scp0SupplierSupportDocsCMD">Conflict Mineral Supporting Documents from Suppliers</key>
    <key id="tc_xrt_Scp0SupplierSupportDocsMat">Material Supporting Documents from Suppliers</key>
    <key id="tc_xrt_Scp0SupplierSupportDocsMSD">Material Substance Supporting Documents from Suppliers</key>
    <key id="tc_xrt_Smelters">Smelters</key>
    <key id="tc_xrt_SmelterMines">Smelter Mines</key>
    <key id="tc_xrt_SmeltersOnVendors">Smelters on Vendor</key>
    <key id="tc_xrt_SubsCats">Substance Categories</key>
    <key id="tc_xrt_SupplierDocs">Supplier Documents</key>
    <!-- Keys for Substance Compliance IMDS integration rendering -->
    <key id="tc_xrt_IMDS">IMDS Properties</key>
    <key id="tc_xrt_sci0AddNormAction">Add Norm</key>
    <key id="tc_xrt_sci0IMDSIntegration">IMDS Integration</key>
    <key id="tc_xrt_sci0ItemHelper">Item Helper Object</key>
    <key id="tc_xrt_sci0Norm">Norms</key>
    <key id="tc_xrt_sci0NormInfo">Norm Information</key>
    <key id="tc_xrt_sci0RemoveNormAction">Remove Norm</key>

    <!-- Keys for Change Manager Schedule Manager Interface rendering -->
    <key id="tc_xrt_cm_workflowtasks">Workflow Tasks</key>
    <key id="tc_xrt_CMHasImpactedItem">Impacted Items</key>
    <key id="tc_xrt_CMHasProblemItem">Problem Items</key>
    <key id="tc_xrt_CMHasSolutionItem">Solution Items</key>
    <key id="tc_xrt_CMHasWorkBreakdown">Plan Items</key>
    <key id="tc_xrt_CMImplementedBy">Implemented by</key>
    <key id="tc_xrt_CMImplements">Implements</key>
    <key id="tc_xrt_CMReferences">References</key>
    <key id="tc_xrt_ParentChange">Parent Change</key>
    <!-- Keys for Penetractoin Management rendering -->
    <key id="tc_xrt_penetrationmgmt_available_issue_images">Available Issue Images</key>
    <key id="tc_xrt_penetrationmgmt_change_participants">Change Participants</key>
    <key id="tc_xrt_penetrationmgmt_general_information">General Information</key>
    <!-- Keys for appmodel -->
    <key id="tc_xrt_AttributeGroupInfo">Attribute Group Information</key>
    <key id="tc_xrt_ManagedAttrGroupInfo">Managed Attribute Group Information</key>
    <!-- Keys for Partition -->
    <key id="tc_xrt_PartitionTemplateModelInfo">Partition Template Model Information</key>
    <key id="tc_xrt_ProductArchModelInfo">Product Architecture Model Information</key>

    <!-- XRT keys for Common Client, please keep this section at the end of the file -->
    <key id="tc_xrt_CHECKED_OUT">Checked-out</key>
    <key id="tc_xrt_CHECKED_OUT_BY">Checked-out by</key>
    <key id="tc_xrt_EDITABLE">Modifiable</key>
    <key id="tc_xrt_EMPTY_CLIPBOARD">Empty clipboard</key>
    <key id="tc_xrt_NO_WRITE_ACCESS">Read-Only</key>
    <key id="tc_xrt_ON_CLIPBOARD">Objects on clipboard</key>
    <key id="tc_xrt_READ_ONLY">Modifiable after check-out</key>
    <key id="tc_xrt_CHECKED_OUT_BY_tip">You cannot edit this object because it is checked-out by another user.</key>
    <key id="tc_xrt_CHECKED_OUT_tip">This object is editable and checked-out by you.</key>
    <key id="tc_xrt_EDITABLE_tip">You may edit this object and save your changes. Check-out the object to reserve the ability to edit it.</key>
    <key id="tc_xrt_NO_WRITE_ACCESS_tip">You need write access to edit this object.</key>
    <key id="tc_xrt_READ_ONLY_tip">You may edit this object after checking it out.</key>
    <!-- The button text for the commands -->
    <key id="tc_xrt_CHECKOUT_COMMAND_TITLE">Check-Out and Edit</key>
    <key id="tc_xrt_CHECKIN_COMMAND_TITLE">Save and Check-In</key>
    <key id="tc_xrt_SAVECHECKOUT_COMMAND_TITLE">Save</key>
    <key id="tc_xrt_CANCELCHECKOUT_COMMAND_TITLE">Cancel Check-Out</key>
    <key id="tc_xrt_IMPLICITCHECKOUT_COMMAND_TITLE">Save</key>
    <!-- Keys for Configuration Audit -->
    <key id="tc_xrt_ActionItemInfo">Action Item Information</key>
    <key id="tc_xrt_ActionItems">Action Items</key>
    <key id="tc_xrt_AuditsItem">Audits Item</key>
    <key id="tc_xrt_ConfigurationAudit">Configuration Audit</key>
    <key id="tc_xrt_ConfigurationAuditInfo">Configuration Audit Information</key>
    <key id="tc_xrt_Contract">Contract</key>
    <!-- Keys for Subscription Notification -->
    <key id="tc_xrt_MessageBody">Message Body</key> 
    <key id="tc_xrt_SubscriptionObject">Subscription</key>
    <key id="tc_xrt_TargetObject">Target Object</key>
    <!-- Keys for CAE Item Wizard -->
    <key id="tc_xrt_AdditionalCAE0MDOAnalysisInformation">Additional CAE MDO Analysis Information</key>
    <key id="tc_xrt_AdditionalCAE0MDOTemplateInformation">Additional CAE MDO Model Information</key>    
    <key id="tc_xrt_AdditionalCAEAnalysisInformation">Additional CAE 3D Analysis Information</key>
    <key id="tc_xrt_AdditionalCAEGeometryInformation">Additional CAE 3D Geometry Information</key>
    <key id="tc_xrt_AdditionalCAEModelInformation">Additional CAE 3D Model Information</key>
    <key id="tc_xrt_AdditionalCAEResultInformation">Additional CAE 3D Result Information</key>
    <key id="tc_xrt_AdditionalStructureMapInformation">Additional CAE Structure Map Information</key>
    <key id="tc_xrt_AdditionalCAEStructureMapFilterInformation">Additional CAE Structure Map Filter Information</key>
    <key id="tc_xrt_CAE0AnaTemplateInformation">CAE 3D Analysis Template Information</key>
    <key id="tc_xrt_CAE0AnaTemplateRevisionInformation">CAE 3D Analysis Template Revision Information</key>
    <key id="tc_xrt_CAE0BCInformation">CAE 3D Boundary Condition Information</key>
    <key id="tc_xrt_CAE0BCRevisionInformation">CAE 3D Boundary Condition Revision Information</key>
    <key id="tc_xrt_CAE0CollectorInformation">CAE 3D Product Collector Information</key>
    <key id="tc_xrt_CAE0CollectorRevisionInformation">CAE 3D Product Collector Revision Information</key>
    <key id="tc_xrt_CAE0MDOAnalysisInformation">CAE MDO Analysis Information</key>
    <key id="tc_xrt_CAE0MDOAnalysisRevisionInformation">CAE MDO Analysis Revision Information</key>
    <key id="tc_xrt_CAE0MDOTemplateInformation">CAE MDO Model Information</key>
    <key id="tc_xrt_CAE0MDOTemplateRevisionInformation">CAE MDO Model Revision Information</key>
    <key id="tc_xrt_CAE0ResTemplateInformation">CAE 3D Result Template Information</key>
    <key id="tc_xrt_CAE0ResTemplateRevisionInformation">CAE 3D Result Template Revision Information</key>
    <key id="tc_xrt_CAEAnalysisInformation">CAE 3D Analysis Information</key>
    <key id="tc_xrt_CAEAnalysisRevisionInformation">CAE 3D Analysis Revision Information</key>
    <key id="tc_xrt_CAEGeometryInformation">CAE 3D Geometry Information</key>
    <key id="tc_xrt_CAEGeometryRevisionInformation">CAE 3D Geometry Revision Information</key>
    <key id="tc_xrt_CAEModelInformation">CAE 3D Model Information</key>
    <key id="tc_xrt_CAEModelRevisionInformation">CAE 3D Model Revision Information</key>
    <key id="tc_xrt_CAEResultInformation">CAE 3D Result Information</key>
    <key id="tc_xrt_CAEResultRevisionInformation">CAE 3D Result Revision Information</key>
    <key id="tc_xrt_CAEStructureMapFilterInformation">CAE Structure Map Filter Information</key>
    <key id="tc_xrt_CAEStructureMapFilterRevisionInformation">CAE Structure Map Filter Revision Information</key>
    <key id="tc_xrt_CAE_Engineering_Properties">CAE Engineering Properties</key>
    <key id="tc_xrt_KPI">KPI</key>
    <key id="tc_xrt_KPITable">KPI Table</key>
    <key id="tc_xrt_MCI">MCI</key>
    <key id="tc_xrt_MDOProjectInfo">MDO Project Information</key>
    <key id="tc_xrt_MDOProjectInputFiles">Project Input Files</key>
    <key id="tc_xrt_MDOProjectInputVars">Project Input Variables</key>
    <key id="tc_xrt_MDOProjectOutputResponses">Project Output Responses</key>
    <key id="tc_xrt_MDOStudyInfo">Study Information</key>
    <key id="tc_xrt_MDOStudyInputFiles">Study Input Files</key>
    <key id="tc_xrt_MDOStudyInputVars">Study Input Variables</key>
    <key id="tc_xrt_MDOStudyOutputResponses">Study Output Responses</key>
    <key id="tc_xrt_Meshing">Meshing</key>
    <key id="tc_xrt_StructureMapInformation">CAE Structure Map Information</key>
    <key id="tc_xrt_StructureMapRevisionInformation">CAE Structure Map Revision Information</key>
</textsrv>
