<?xml version="1.0" encoding="UTF-8" standalone="no"?>
<TcBusinessDataIncludes>
    <include file="default.xml"/>
    <include file="RqrmtMgmt/LOVs/e4_priority_lov.xml"/>
    <include file="RqrmtMgmt/BusinessObjects/ReqObjects/e4absrequirement.xml"/>
    <include file="RqrmtMgmt/LOVs/e4_requirementstatus_lov.xml"/>
    <include file="RqrmtMgmt/BusinessObjects/ReqObjects/e4marketingrequirement.xml"/>
    <include file="RqrmtMgmt/BusinessObjects/ReqObjects/e4technicalrequirement.xml"/>
    <include file="RqrmtMgmt/BusinessObjects/ReqObjects/e4regulatoryrequirement.xml"/>
    <include file="RqrmtMgmt/BusinessObjects/ReqObjects/e4ootbpmg0product.xml"/>
    <include file="RqrmtMgmt/BusinessObjects/Relations/e4productinstance.xml"/>
    <include file="RqrmtMgmt/Rules/e4reqrevnamingrule.xml"/>
    <include file="RqrmtMgmt/Editors/e4globalconstants.xml"/>
    <include file="RqrmtMgmt/Options/e4statuses.xml"/>
    <include file="RqrmtMgmt/Rules/e4grmrules.xml"/>
    <include file="RqrmtMgmt/Rules/e4conditions.xml"/>
    <include file="RqrmtMgmt/Rules/e4deepcopyrules.xml"/>
    <include file="RqrmtMgmt/LOVs/e4_riskrating_lov.xml"/>
    <include file="RqrmtMgmt/LOVs/e4_facilitytesting_lov.xml"/>
    <include file="RqrmtMgmt/LOVs/e4_yesno_lov.xml"/>
    <include file="RqrmtMgmt/LOVs/e4_techreqlevel_lov.xml"/>
    <include file="RqrmtMgmt/LOVs/e4_regreqlevel_lov.xml"/>
    <include file="RqrmtMgmt/LOVs/e4_regcategory_lov.xml"/>
    <include file="RqrmtMgmt/LOVs/e4_marketingreqcategory_lov.xml"/>
    <include file="RqrmtMgmt/LOVs/e4_globalguidance_lov.xml"/>
    <include file="RqrmtMgmt/LOVs/e4_reviewperiod_lov.xml"/>
    <include file="RqrmtMgmt/LOVs/e4_coreadditional_lov.xml"/>
    <include file="RqrmtMgmt/LOVs/e4_regreqclass_lov.xml"/>
    <include file="RqrmtMgmt/LOVs/e4_techreqcategory_lov.xml"/>
    <include file="RqrmtMgmt/LOVs/e4_verificationstatus_lov.xml"/>
    <include file="RqrmtMgmt/LOVs/e4_testresults_lov.xml"/>
    <include file="RqrmtMgmt/LOVs/e4_authority_lov.xml"/>
    <include file="RqrmtMgmt/LOVs/e4_regulation_lov.xml"/>
    <include file="RqrmtMgmt/LOVs/e4_testmethod_lov.xml"/>
    <include file="RqrmtMgmt/LOVs/e4_region_lov.xml"/>
    <include file="RqrmtMgmt/LOVs/e4_markreqclass_lov.xml"/>
    <include file="RqrmtMgmt/LOVs/e4_lob_lov.xml"/>
    <include file="RqrmtMgmt/LOVs/e4_brand_lov.xml"/>
    <include file="RqrmtMgmt/LOVs/e4_fuelstype_lov.xml"/>
    <include file="RqrmtMgmt/LOVs/e4_additive_lov.xml"/>
    <include file="RqrmtMgmt/LOVs/e4_additivetreatrate_lov.xml"/>
    <include file="RqrmtMgmt/LOVs/e4_oem_lov.xml"/>
    <include file="RqrmtMgmt/LOVs/e4_facilitycertification_lov.xml"/>
    <include file="RqrmtMgmt/BusinessObjects/ReqObjects/e4marketingreqelementsummary.xml"/>
    <include file="RqrmtMgmt/BusinessObjects/ReqObjects/e4technicalreqelementsummary.xml"/>
    <include file="RqrmtMgmt/BusinessObjects/ReqObjects/e4regulatoryreqelementsummary.xml"/>
    <include file="RqrmtMgmt/Audit/e4auditdefinitions.xml"/>
	<include file="FormulaMgmt/BusinessObjects/e4abscpgformulamater.xml"/>
    <include file="FormulaMgmt/BusinessObjects/e4emcpgformulamaterial.xml"/>
    <include file="FormulaMgmt/BusinessObjects/e4supplierspec.xml"/>
    <include file="FormulaMgmt/BusinessObjects/e4emsubstance.xml"/>
    <include file="FormulaMgmt/BusinessObjects/Relations/e4emmat1usesmaterial.xml"/>
    <include file="FormulaMgmt/BusinessObjects/Relations/e4emmat1usessubstance.xml"/>
    <include file="FormulaMgmt/BusinessObjects/e4emoccurenceattributes.xml"/>
    <include file="FormulaMgmt/LOVs/e4materialownedbylov.xml"/>
    <include file="FormulaMgmt/LOVs/e4versiontypelov.xml"/>
    <include file="FormulaMgmt/LOVs/e4valuechainlov.xml"/>
    <include file="FormulaMgmt/LOVs/e4mandistlocationlov.xml"/>
    <include file="FormulaMgmt/Rules/e4formulamaterialnamingrule.xml"/>
    <include file="FormulaMgmt/Rules/e4componentnamingrule.xml"/>
    <include file="FormulaMgmt/BusinessObjects/e4emcomponent.xml"/>
    <include file="FormulaMgmt/BusinessObjects/Relations/e4hasglobalalternate.xml"/>
    <include file="FormulaMgmt/Rules/e4grmrule.xml"/>
    <include file="FormulaMgmt/Editors/e4globalconstant.xml"/>
    <include file="FormulaMgmt/BusinessObjects/e4emgeneralrecipe.xml"/>
    <include file="FormulaMgmt/BusinessObjects/e4emsiterecipe.xml"/>
    <include file="FormulaMgmt/BusinessObjects/e4emplantrecipe.xml"/>
    <include file="FormulaMgmt/BusinessObjects/Relations/e4hasrecipe.xml"/>
    <include file="FormulaMgmt/Rules/e4namingrule.xml"/>
    <include file="FormulaMgmt/LOVs/e4vendorlistlov.xml"/>
</TcBusinessDataIncludes>
