<?xml version="1.0" encoding="UTF-8"?>
<preferences version="10.0">
  <category name="Active Workspace">
    <category_description>No description available for this category.</category_description>
	<preference name="AWB_default_secondary_page" type="String" array="true" disabled="false" protectionScope="Site" envEnabled="false">
      <preference_description>Defines the default page shown in the secondary Work Area.
The preference value will be of type:page format, which define a default page for a particular type.
If the type value is BusinessObject, then the page will be for any type which does not have a specific preference value.
If a type is not defined, the system will look for the first defined super type in the preference.
The page can be the title key of the page or the enablement feature key for a contributed page.</preference_description>
      <context name="Teamcenter">
        <value>BusinessObject:tc_xrt_Overview</value>
        <value>RequirementSpec Revision:tc_xrt_Documentation</value>
        <value>Paragraph Revision:tc_xrt_Documentation</value>
        <value>Fnd0SystemModelRevision:Ase0ArchitectureFeature</value>
        <value>Fnd0LogicalBlockRevision:Ase0ArchitectureFeature</value>
        <value>FunctionalityRevision:Ase0ArchitectureFeature</value>
        <value>IAV0TestCaseRevision:tc_xrt_Overview</value>
        <value>Att0ParameterPrjRevision:Att1ShowParametersTableForSync</value>
        <value>Att0ParameterSetRevision:Att1ShowParametersTableForSync</value>
        <value>Requirement Revision:tc_xrt_Overview</value>
      </context>
    </preference>
	<preference name="AWC_TypeSelectorExclusionTypeList" type="String" array="true" disabled="false" protectionScope="Site" envEnabled="false">
      <preference_description>Defines the list of object types to be excluded when retrieving subtypes in Active Workspace client from the Teamcenter server.
Valid values are Business Object internal names.</preference_description>
      <context name="Teamcenter">
        <value>ADA_License</value>
        <value>Allocation</value>
        <value>AllocationMap</value>
        <value>AppearanceGroup</value>
        <value>Architecture</value>
        <value>AssemblyArrangement</value>
        <value>Authorization</value>
        <value>BillRate</value>
        <value>CAEBCItem</value>
        <value>CAEConnItem</value>
        <value>StructureMap</value>
        <value>StructureMap Master</value>
        <value>StructureMapRevision Master</value>
        <value>CAELoadItem</value>
        <value>DCt_GraphicPriority</value>
        <value>DesignReq</value>
        <value>DLF Attribute Form</value>
        <value>EPMJob</value>
        <value>EPMTask</value>
        <value>Exclude_License</value>
        <value>Fnd0AbstractPersistentProxy</value>
        <value>Fnd0ProxyTask</value>
        <value>FullText</value>
        <value>GPA</value>
        <value>Graphic</value>
        <value>GraphicMaster</value>
        <value>GraphicOption</value>
        <value>GraphicOptionMaster</value>
        <value>GraphicOptionRevisionMaster</value>
        <value>GraphicRevisionMaster</value>
        <value>Identifier</value>
        <value>IP_License</value>
        <value>ITAR_License</value>
        <value>ItemRevision</value>
        <value>JTContentForm</value>
        <value>MEActivity</value>
        <value>Pdm0IModel</value>
        <value>Pdm0ChangeSet</value>
        <value>Pdm0NamedVersion</value>
        <value>PSBOMView</value>
        <value>PSBOMViewRevision</value>
        <value>Reservation</value>
        <value>RouteLocation</value>
        <value>RoutePath</value>
        <value>SavedSearch</value>
        <value>Schedule</value>
        <value>ScheduleTask</value>
        <value>ScheduleTaskRevision</value>
        <value>ScheduleRevision</value>
        <value>SchDeliverable</value>
        <value>ScheduleMember</value>
        <value>ScheduleTaskRevision Execution</value>
        <value>ScheduleTaskRevision Scheduling</value>
        <value>SchMgtCostForm</value>
        <value>SchTaskDeliverable</value>
        <value>Snapshot</value>
        <value>SnapShotForm</value>
        <value>TaskInbox</value>
        <value>Tool</value>
        <value>TraceLink</value>
        <value>TransferOptionSet</value>
        <value>TranslationOrder</value>
        <value>TranslationOrderMaster</value>
        <value>TranslationOrderRevisionMaster</value>
        <value>TranslatnDelvry</value>
        <value>TranslatnDelvryMaster</value>
        <value>TranslatnDelvryRevisionMaster</value>
        <value>TransltnOffice</value>
        <value>TransltnOfficeMaster</value>
        <value>TransltnOfficeRevisionMaster</value>
        <value>User_Inbox</value>
        <value>ValData</value>
        <value>ValidationAgent</value>
        <value>ValidationReq</value>
        <value>AsMaintainedRevisionRule</value>
        <value>AssetGroup</value>
        <value>BidPackage</value>
        <value>CalParm</value>
        <value>Cba0LOAProxy</value>
        <value>Cba0LOUProxy</value>
        <value>Cba0PartProxy</value>
        <value>Cba0PersistentProxy</value>
        <value>Ccd0MemoryLayout</value>
        <value>Ccd0OverrideCont</value>
        <value>Civ0COM4Master</value>
        <value>Civ0COM4RevisionMaster</value>
        <value>Civ0DDN4Master</value>
        <value>Civ0DDN4RevisionMaster</value>
        <value>Civ0DM4Master</value>
        <value>Civ0DM4RevisionMaster</value>
        <value>Civ0DML4Master</value>
        <value>Civ0DML4RevisionMaster</value>
        <value>Civ0PM4Master</value>
        <value>Civ0PM4RevisionMaster</value>
        <value>Crt0Study</value>
        <value>DCt_GrphcTrnsltnMaster</value>
        <value>DCt_GrphcTrnsltnRevisionMaster</value>
        <value>DCt_Item</value>
        <value>DCt_ItemMaster</value>
        <value>DCt_ItemRevisionMaster</value>
        <value>DCt_Language</value>
        <value>DCt_PublishOrderMaster</value>
        <value>DCt_PublishOrderRevisionMaster</value>
        <value>DCt_TopicTypeGrp</value>
        <value>DCt_TranslationMaster</value>
        <value>DCt_TranslationRevisionMaster</value>
        <value>DCt_Workspace</value>
        <value>DC_Admin</value>
        <value>DC_ComposedDoc</value>
        <value>DC_ComposedDocMaster</value>
        <value>DC_ComposedDocRevisionMaster</value>
        <value>DC_DitaAbsMapMaster</value>
        <value>DC_DitaAbsMapRevisionMaster</value>
        <value>DC_DitaAbsTopicMaster</value>
        <value>DC_DitaAbsTopicRevisionMaster</value>
        <value>DC_DitaBaseMaster</value>
        <value>DC_DitaBaseRevisionMaster</value>
        <value>DC_DitaConceptMaster</value>
        <value>DC_DitaConceptRevisionMaster</value>
        <value>DC_DitaDynMapMaster</value>
        <value>DC_DitaDynMapRevisionMaster</value>
        <value>DC_DitaEditMapMaster</value>
        <value>DC_DitaEditMapRevisionMaster</value>
        <value>DC_DitaItemMaster</value>
        <value>DC_DitaItemRevisionMaster</value>
        <value>DC_DitaReferenceMaster</value>
        <value>DC_DitaReferenceRevisionMaster</value>
        <value>DC_DitaTaskMaster</value>
        <value>DC_DitaTaskRevisionMaster</value>
        <value>DC_DitaTopicMaster</value>
        <value>DC_DitaTopicRevisionMaster</value>
        <value>DC_ExtEntAdmin</value>
        <value>DC_ExtEntAdminMaster</value>
        <value>DC_ExtEntAdminRevisionMaster</value>
        <value>DC_Procedure</value>
        <value>DC_ProcedureMaster</value>
        <value>DC_ProcedureRevisionMaster</value>
        <value>DC_Publication</value>
        <value>DC_PublicationMaster</value>
        <value>DC_PublicationRevisionMaster</value>
        <value>DC_ReviewerDoc</value>
        <value>DC_ReviewerDocMaster</value>
        <value>DC_ReviewerDocRevisionMaster</value>
        <value>DC_SchemaMaster</value>
        <value>DC_SchemaRevisionMaster</value>
        <value>DC_SkdCOMMaster</value>
        <value>DC_SkdCOMRevisionMaster</value>
        <value>DC_SkdDDNMaster</value>
        <value>DC_SkdDDNRevisionMaster</value>
        <value>DC_SkdDMLMaster</value>
        <value>DC_SkdDMLRevisionMaster</value>
        <value>DC_SkdDMMaster</value>
        <value>DC_SkdDMRevisionMaster</value>
        <value>DC_SkdGraphIMaster</value>
        <value>DC_SkdGraphIRevisionMaster</value>
        <value>DC_SkdIPRFMaster</value>
        <value>DC_SkdIPRFRevisionMaster</value>
        <value>DC_SkdPMMaster</value>
        <value>DC_SkdPMRevisionMaster</value>
        <value>DC_StyleSheetMaster</value>
        <value>DC_StyleSheetRevisionMaster</value>
        <value>DC_Topic</value>
        <value>DC_TopicMaster</value>
        <value>DC_TopicRevisionMaster</value>
        <value>DC_UnparsedDoc</value>
        <value>DC_UnparsedDocMaster</value>
        <value>DC_UnparsedDocRevisionMaster</value>
        <value>DC_XmlSchemaMaster</value>
        <value>DC_XmlSchemaRevisionMaster</value>
        <value>FaultCode</value>
        <value>LifeCharDefinition</value>
        <value>LogEntry</value>
        <value>Lot</value>
        <value>Mbc0InternalWorkPackage</value>
        <value>Mem0MemoryLayout</value>
        <value>Mes0MEBooleanPFForm</value>
        <value>Mes0MEDCD</value>
        <value>Mes0MEIntegerPFForm</value>
        <value>Mes0MELOVDCDForm</value>
        <value>Mes0MELOVPFBaseForm</value>
        <value>Mes0MEPF</value>
        <value>Mes0MEPFBaseForm</value>
        <value>Mes0MERealPFForm</value>
        <value>Mes0MEStringPFForm</value>
        <value>Mes0MESTXElement</value>
        <value>Mes0MESTXElementMaster</value>
        <value>Mes0MESTXElementRevision</value>
        <value>Mes0MESTXElementRevisionMaster</value>
        <value>Mes0MESTXFolder</value>
        <value>Mes0MESTXFolderMaster</value>
        <value>Mes0MESTXFolderRevision</value>
        <value>Mes0MESTXFolderRevisionMaster</value>
        <value>Mes0MESTXLibrary</value>
        <value>Mes0MESTXLibraryMaster</value>
        <value>Mes0MESTXLibraryRevision</value>
        <value>Mes0MESTXLibraryRevisionMaster</value>
        <value>Mes0METimePFForm</value>
        <value>Mes0MEWIObjTemplMaster</value>
        <value>Mes0MEWIObjTemplRevisionMaster</value>
        <value>Mes0MEWIPreview</value>
        <value>Mes0MEWITemplateMaster</value>
        <value>Mes0MEWITemplateRevisionMaster</value>
        <value>ObsCharDefinition</value>
        <value>ParmDef</value>
        <value>ParmGrpVal</value>
        <value>PartMovement</value>
        <value>PhysicalPart</value>
        <value>ProductVariant</value>
        <value>ProductVariantIntent</value>
        <value>SCMCompoundElement</value>
        <value>SCMElement</value>
        <value>SCMServer</value>
        <value>SCMVersionObject</value>
        <value>SerialNumberGenerator</value>
        <value>SignoffList</value>
        <value>SRP0GnSrvRequest</value>
        <value>SRP0GnSrvRequestMaster</value>
        <value>SRP0GnSrvRequestRevision</value>
        <value>SRP0GnSrvRequestRevisionMaster</value>
        <value>SRP0ServiceCatalog</value>
        <value>SRP0ServiceOffering</value>
        <value>Fnd0Workset</value>
        <value>Smr0BoolCharDefinition</value>
        <value>Smr0StringCharDefinition</value>
        <value>DateCharDefinition</value>
        <value>Ase0Diagram</value>
        <value>Psi0AutoGenTransaction</value>
        <value>Crt0VldnContract</value>
        <value>ChangeNotice</value>
        <value>ChangeRequest</value>
        <value>ProblemReport</value>
        <value>Cm0GnWorkOrder</value>
        <value>Prg0AbsCriteria</value>
        <value>Prg0AbsEvent</value>
        <value>Prg0AbsProjectPlan</value>
        <value>Vm0PrtnrContract</value>
        <value>Vm0PrtnrContractRevision</value>
        <value>Vm0PrtnrContractMaster</value>
        <value>Vm0PrtnrContractRevisionMaster</value>
        <value>Vm0PrtnrAsgmnt</value>
        <value>Vm0PrtnrAsgmntRevision</value>
        <value>Vm0PrtnrAsgmntMaster</value>
        <value>Vm0PrtnrAsgmntRevisionMaster</value>
        <value>Att0MeasurableAttribute</value>
        <value>Att0ParamProject</value>
        <value>Att0ParamGroup</value>
		<value>Form</value>
      </context>
    </preference>
  </category>
</preferences>