﻿<?xml version="1.0" encoding="utf-8"?>
<!-- GENERATED BY: PLM XML SDK 7.0.13.138 -->
<plmxml_bus:PLMXMLBusinessTypes xmlns="http://www.plmxml.org/Schemas/PLMXMLSchema"
 xmlns:plmxml_bus="http://www.plmxml.org/Schemas/PLMXMLBusinessSchema"
 language="en-us" time="11:15:51" schemaVersion="6" author="Teamcenter V14000.2.1.12_20230704.00 - infodba@IMC--1714896796(-1714896796)" date="2024-06-12" languages="cs-cz de-de en-us es-es fr-fr it-it ja-jp ko-kr pl-pl pt-br ru-ru zh-cn zh-tw">
<plmxml_bus:SavedQueryDef id="id1" name="Regulatory Requirement Revision" nameRef="#id2" descriptionTextRef="#id3" queryFlag="0" queryClass="E4RegulatoryReqRevision">
<Description>To find the Regulatory Requirement Revision</Description>
<ApplicationRef application="Teamcenter" label="SCPAQe$IZyIDGB" version="SCPAQe$IZyIDGB"></ApplicationRef>
<plmxml_bus:QueryClause id="id4" stringValue="SELECT qid FROM E4RegulatoryReqRevision WHERE &quot;items_tag.item_id&quot; = &quot;${ITEMID = }&quot; AND &quot;items_tag.release_status_list.name&quot; = &quot;${Releasestatus Name = }&quot; AND &quot;e4Region&quot; = &quot;${e4Region = }&quot; AND &quot;e4Category&quot; = &quot;${e4Category = }&quot; AND &quot;e4RequirementDescription&quot; = &quot;${e4RequirementDescription = }&quot; AND &quot;e4Comment&quot; = &quot;${e4Comment = }&quot; AND &quot;e4RequirementCost&quot; = &quot;${e4RequirementCost = }&quot; AND &quot;e4Time&quot; = &quot;${e4Time = }&quot; AND &quot;e4RegulatoryClassification&quot; = &quot;${e4RegulatoryClassification = }&quot; AND &quot;e4RegulatoryLOB&quot; = &quot;${e4RegulatoryLOB = }&quot; AND &quot;e4Authority&quot; = &quot;${e4Authority = }&quot; AND &quot;e4RiskRating&quot; = &quot;${e4RiskRating = }&quot; AND &quot;e4Regulation&quot; = &quot;${e4Regulation = }&quot;"></plmxml_bus:QueryClause></plmxml_bus:SavedQueryDef>
<plmxml_bus:Text id="id2" primary="en-us"></plmxml_bus:Text>
<plmxml_bus:Text id="id3" primary="en-us"></plmxml_bus:Text></plmxml_bus:PLMXMLBusinessTypes>
