<?xml version="1.0" encoding="UTF-8"?>
<TcBusinessData xmlns="http://teamcenter.com/BusinessModel/TcBusinessData" Date="">
<Add>
   <TcClass className="E4ProductInstance" parentClassName="ImanRelation" isExportable="false"
       isUninstantiable="false" isUninheritable="false" description="">
     <TcAttribute attributeName="e4PIDataOwnerContact" description="" attributeType="POM_typed_reference"
         maxStringLength="0" isArray="false" followOnExport="false" isNullsAllowed="true"
         isUnique="false" isPublicRead="true" isPublicWrite="true" isCandidateKey="false"
         isTransient="false" exportAsString="false" noBackpointer="false" typedRefClassName="User"/>
     <TcAttribute attributeName="e4PIExpiryDate" description="" attributeType="POM_date"
         maxStringLength="0" isArray="false" followOnExport="false" isNullsAllowed="true"
         isUnique="false" isPublicRead="true" isPublicWrite="true" isCandidateKey="false"
         isTransient="false" exportAsString="false" noBackpointer="false" lowerBoundValue=""
         upperBoundValue=""/>
     <TcAttribute attributeName="e4PIReviewDate" description="" attributeType="POM_date"
         maxStringLength="0" isArray="false" followOnExport="false" isNullsAllowed="true"
         isUnique="false" isPublicRead="true" isPublicWrite="true" isCandidateKey="false"
         isTransient="false" exportAsString="false" noBackpointer="false" lowerBoundValue=""
         upperBoundValue=""/>
     <TcAttribute attributeName="e4PIReviewPeriod" description="" attributeType="POM_date"
         maxStringLength="0" isArray="false" followOnExport="false" isNullsAllowed="true"
         isUnique="false" isPublicRead="true" isPublicWrite="true" isCandidateKey="false"
         isTransient="false" exportAsString="false" noBackpointer="false" lowerBoundValue=""
         upperBoundValue=""/>
     <TcAttribute attributeName="e4PIRegStatement" description="" attributeType="POM_string"
         maxStringLength="1280" isArray="false" followOnExport="false" isNullsAllowed="true"
         isUnique="false" isPublicRead="true" isPublicWrite="true" isCandidateKey="false"
         isTransient="false" exportAsString="false" noBackpointer="false" lowerBoundValue=""
         upperBoundValue=""/>
     <TcAttribute attributeName="e4PISuppDocs" description="" attributeType="POM_typed_reference"
         maxStringLength="0" isArray="false" followOnExport="false" isNullsAllowed="true"
         isUnique="false" isPublicRead="true" isPublicWrite="true" isCandidateKey="false"
         isTransient="false" exportAsString="false" noBackpointer="false" typedRefClassName="Dataset"/>
   </TcClass>
   <OperationInputType typeName="E4ProductInstanceCreI" parentTypeName="ImanRelationCreI"
       typeClassName="E4ProductInstanceCreI" description="CreateInput object for &quot;E4ProductInstance&quot; business object"
       isAbstract="false" artifactName="E4ProductInstanceCreI">
     <OperationInputProperty propName="e4PIDataOwnerContact" compoundObjectConstant=""
         srcPropName="e4PIDataOwnerContact" compoundObjectType="" fieldType="SimpleProperty"
         description=""/>
     <OperationInputProperty propName="e4PIExpiryDate" compoundObjectConstant="" srcPropName="e4PIExpiryDate"
         compoundObjectType="" fieldType="SimpleProperty" description=""/>
     <OperationInputProperty propName="e4PIReviewDate" compoundObjectConstant="" srcPropName="e4PIReviewDate"
         compoundObjectType="" fieldType="SimpleProperty" description=""/>
     <OperationInputProperty propName="e4PIReviewPeriod" compoundObjectConstant=""
         srcPropName="e4PIReviewPeriod" compoundObjectType="" fieldType="SimpleProperty"
         description=""/>
     <OperationInputProperty propName="e4PIRegStatement" compoundObjectConstant=""
         srcPropName="e4PIRegStatement" compoundObjectType="" fieldType="SimpleProperty"
         description=""/>
     <OperationInputProperty propName="e4PISuppDocs" compoundObjectConstant="" srcPropName="e4PISuppDocs"
         compoundObjectType="" fieldType="SimpleProperty" description=""/>
   </OperationInputType>
   <OperationInputType typeName="E4ProductInstanceSvAI" parentTypeName="ImanRelationSvAI"
       typeClassName="E4ProductInstanceSvAI" description="SaveAsInput object for &quot;E4ProductInstance&quot; business object"
       isAbstract="false" artifactName="E4ProductInstanceSvAI"/>
   <TcStandardType typeName="E4ProductInstance" parentTypeName="ImanRelation" typeClassName="E4ProductInstance"
       description="" isAbstract="false" artifactName="E4ProductInstance" functionality="E4exombase"/>
   <TcTypeConstantAttach constantName="CreateInput" typeName="E4ProductInstance" value="E4ProductInstanceCreI"/>
   <TcTypeConstantAttach constantName="SaveAsInput" typeName="E4ProductInstance" value="E4ProductInstanceSvAI"/>
   <TcPropertyConstantAttach constantName="Enabled" typeName="E4ProductInstance" propertyName="e4PIDataOwnerContact"
       value="true"/>
   <TcPropertyConstantAttach constantName="Enabled" typeName="E4ProductInstance" propertyName="e4PIExpiryDate"
       value="true"/>
   <TcPropertyConstantAttach constantName="Enabled" typeName="E4ProductInstance" propertyName="e4PIRegStatement"
       value="true"/>
   <TcPropertyConstantAttach constantName="Enabled" typeName="E4ProductInstance" propertyName="e4PIReviewDate"
       value="true"/>
   <TcPropertyConstantAttach constantName="Enabled" typeName="E4ProductInstance" propertyName="e4PIReviewPeriod"
       value="true"/>
   <TcPropertyConstantAttach constantName="Enabled" typeName="E4ProductInstance" propertyName="e4PISuppDocs"
       value="true"/>
   <TcPropertyConstantAttach constantName="Modifiable" typeName="E4ProductInstance"
       propertyName="e4PIDataOwnerContact" value="Write"/>
   <TcPropertyConstantAttach constantName="Modifiable" typeName="E4ProductInstance"
       propertyName="e4PIExpiryDate" value="Write"/>
   <TcPropertyConstantAttach constantName="Modifiable" typeName="E4ProductInstance"
       propertyName="e4PIRegStatement" value="Write"/>
   <TcPropertyConstantAttach constantName="Modifiable" typeName="E4ProductInstance"
       propertyName="e4PIReviewDate" value="Write"/>
   <TcPropertyConstantAttach constantName="Modifiable" typeName="E4ProductInstance"
       propertyName="e4PIReviewPeriod" value="Write"/>
   <TcPropertyConstantAttach constantName="Modifiable" typeName="E4ProductInstance"
       propertyName="e4PISuppDocs" value="Write"/>
</Add>
</TcBusinessData>
