<?xml version="1.0" encoding="UTF-8"?>
<TcBusinessData xmlns="http://teamcenter.com/BusinessModel/TcBusinessData" Date="Wed May 29 03:22:36 PM 2024">
<Add>
   <TcGlobalConstantAttach constantName="Fnd0SelectedLocales" value="en_US"/>
   <TcLOV name="E4PriorityLOV" lovType="ListOfValuesString" usage="Exhaustive" description="">
      <TcLOVValue value="High" description="" conditionName="isTrue"/>
      <TcLOVValue value="Medium" description="" conditionName="isTrue"/>
      <TcLOVValue value="Low" description="" conditionName="isTrue"/>
   </TcLOV>
   <Functionality name="E4exombase" displayName="Exom" enabledForVerificationRules="false"
        description="Component for the template - e4exombase"/>
</Add>
</TcBusinessData>
