﻿<?xml version="1.0" encoding="utf-8"?>
<!-- GENERATED BY: PLM XML SDK 7.0.13.138 -->
<plmxml_bus:PLMXMLBusinessTypes xmlns="http://www.plmxml.org/Schemas/PLMXMLSchema"
 xmlns:plmxml_bus="http://www.plmxml.org/Schemas/PLMXMLBusinessSchema"
 language="en-us" time="11:19:25" schemaVersion="6" author="Teamcenter V14000.2.1.12_20230704.00 - infodba@IMC--1714896796(-1714896796)" date="2024-06-12" languages="cs-cz de-de en-us es-es fr-fr it-it ja-jp ko-kr pl-pl pt-br ru-ru zh-cn zh-tw">
<plmxml_bus:SavedQueryDef id="id1" name="Marketing Requirement Revision" nameRef="#id2" descriptionTextRef="#id3" queryFlag="0" queryClass="E4MarketingReqRevision">
<Description>Finding the Marketing requirement revisions</Description>
<ApplicationRef application="Teamcenter" label="CNKAQe$IZyIDGB" version="CNKAQe$IZyIDGB"></ApplicationRef>
<plmxml_bus:QueryClause id="id4" stringValue="SELECT qid FROM E4MarketingReqRevision WHERE &quot;release_status_list.name&quot; = &quot;${Releasestatus Name = }&quot; AND &quot;items_tag.item_id&quot; = &quot;${ITEMID = }&quot; AND &quot;e4Category&quot; = &quot;${e4Category = }&quot; AND &quot;e4Region&quot; = &quot;${e4Region = }&quot; AND &quot;e4RequirementDescription&quot; = &quot;${e4RequirementDescription = }&quot; AND &quot;e4Comment&quot; = &quot;${e4Comment = }&quot; AND &quot;e4RequirementCost&quot; = &quot;${e4RequirementCost = }&quot; AND &quot;e4Time&quot; = &quot;${e4Time = }&quot; AND &quot;e4GlobalGuidance&quot; = &quot;${e4GlobalGuidance = }&quot; AND &quot;e4MarketingClassification&quot; = &quot;${e4MarketingClassification = }&quot; AND &quot;e4RequirementStatus&quot; = &quot;${e4RequirementStatus = }&quot; AND &quot;e4MarketingLOB&quot; = &quot;${e4MarketingLOB = }&quot; AND &quot;e4Disclaimer&quot; = &quot;${e4Disclaimer = }&quot; AND &quot;e4Brand&quot; = &quot;${e4Brand = }&quot;"></plmxml_bus:QueryClause></plmxml_bus:SavedQueryDef>
<plmxml_bus:Text id="id2" primary="en-us"></plmxml_bus:Text>
<plmxml_bus:Text id="id3" primary="en-us"></plmxml_bus:Text></plmxml_bus:PLMXMLBusinessTypes>
