<?xml version="1.0" encoding="UTF-8"?>
<!--
================================================================================
Copyright 2017.
Siemens Product Lifecycle Management Software Inc.
All Rights Reserved.
================================================================================

    Filename: Pmg1Pmg0ProductRevisionSummary.xml

    Default style sheet for displaying Pmg0ProductRevision summary in Active Workspace Client.

================================================================================
-->

<rendering>
    <header>
        <image source = "type"/>
        <property name = "owning_user"/>
        <property name = "last_mod_date"/>
        <property name = "release_status_list" renderingHint = "label"/>
        <property name = "object_type"/>
    </header>
    <page titleKey = "tc_xrt_Overview" visibleWhen="ActiveWorkspace:SubLocation != com.siemens.splm.client.occmgmt:OccurrenceManagementSubLocation">
        <column width="60%">
            <section titleKey = "tc_xrt_properties">
                <property name="item_id" renderingHint="label"/>
                <property name="item_revision_id" renderingHint="label"/>
                <property name="object_name"/>
                <property name="object_desc"/>
                <property name="object_type"/>
                <property name="release_status_list" renderingHint="label"/>
                <property name="date_released" renderingHint="label"/>
                <property name="effectivity_text" renderingHint="label"/>
                <break/>
                <property name="owning_user" renderingHint="objectlink" modifiable="false"/>
                <property name="owning_group" renderingHint="objectlink" modifiable="false"/>
                <property name="last_mod_user"/>
                <property name="checked_out" renderingHint="label"/>
                <property name="checked_out_user"/>
            </section>
            <content visibleWhen="Cls0ClassifiedBy!=null">
              <inject type="dataset" src="Fnd0ClassificationSummary"/>
            </content>
            <content visibleWhen="Cls0ClassifiedBy==null and ics_classified!=null">
              <inject type="dataset" src="Fnd0ClassificationSummary"/>
            </content>
            <section titleKey = "tc_xrt_EffectiveItemSKUs">
                <objectSet source = "Pmg0ItemSKUProvider.Pmg0ItemSKURevision" defaultdisplay = "tableDisplay"  sortby="object_type" sortdirection="ascending">
                    <tableDisplay>
                        <property name = "object_name"/>
                        <property name = "object_type"/>
                        <property name = "release_status_list"/>
                        <property name = "REF(items_tag,Pmg0ItemSKU).pmg0GTIN"/>
                        <property name = "REF(items_tag,Pmg0ItemSKU).pmg0GTINMgmtRule"/>
                        <property name = "pmg0Languages" />
                        <property name = "pmg0Markets" />
                        <property name = "pmg0Regions"/>
                    </tableDisplay>
                    <treeDisplay>
                        <property name = "object_name"/>
                        <property name = "object_type"/>
                        <property name = "release_status_list"/>
                        <property name = "REF(items_tag,Pmg0ItemSKU).pmg0GTIN"/>
                        <property name = "REF(items_tag,Pmg0ItemSKU).pmg0GTINMgmtRule"/>
                        <property name = "pmg0Languages" />
                        <property name = "pmg0Markets" />
                        <property name = "pmg0Regions"/>
                    </treeDisplay>
                    <thumbnailDisplay/>
                    <listDisplay/>
                </objectSet>
            </section>
            <section titleKey = "tc_xrt_Dimensions">
                <objectSet source = "pmg0Dimensions.Pmg0Dimension" defaultdisplay = "tableDisplay"  sortby="object_name" sortdirection="ascending">
                    <tableDisplay>
                        <property name = "object_name"/>
                        <property name = "pmg0UnitOfMeasure"/>
                        <property name = "object_desc"/>
                    </tableDisplay>
                    <treeDisplay>
                        <property name = "object_name"/>
                        <property name = "pmg0UnitOfMeasure"/>
                        <property name = "object_desc"/>
                    </treeDisplay>
                    <thumbnailDisplay/>
                    <listDisplay/>
                    <command actionKey="newBusinessObjectContextualAction" commandId="Pmg1CreateDimension" renderingHint="commandbutton"/>
                    <command actionKey = "pasteAction" commandId = "com.teamcenter.rac.viewer.pastewithContext" renderingHint = "commandbutton"/>
                    <command actionKey = "cutAction" commandId = "org.eclipse.ui.edit.cut" renderingHint = "commandbutton">
                       <parameter name = "localSelection" value = "true"/>
                    </command>
                </objectSet>
            </section>
        </column>
        <column width="40%">
            <section titleKey = "tc_xrt_Preview">
                <image source = "thumbnail"/>
            </section>
            <inject src="S2clScalarRatingOverview" type="dataset"/>
        </column>
    </page>
    <inject type="preference" src="ClassificationStylesheetTab"/>
	<inject type="dataset" src="Awb0ContentTab"/>
    <page titleKey = "tc_xrt_ItemSKUs">
        <objectSet source = "Pmg0ProdItemSKURel.Pmg0ItemSKURevision" defaultdisplay = "tableDisplay" sortby="object_type" sortdirection="ascending">
            <tableDisplay>
                <property name = "object_name"/>
                <property name = "object_type"/>
                <property name = "release_status_list"/>
                <property name = "REF(items_tag,Pmg0ItemSKU).pmg0GTIN"/>
                <property name = "REF(items_tag,Pmg0ItemSKU).pmg0GTINMgmtRule"/>
                <property name = "pmg0EffectiveFrom" />
                <property name = "pmg0EffectiveTo"/>
                <property name = "pmg0Languages" />
                <property name = "pmg0Markets" />
                <property name = "pmg0Regions"/>
                <property name = "pmg0DimensionPairs" titleKey = "tc_xrt_Dimensions" modifiable="false"/>
            </tableDisplay>
            <treeDisplay>
                <property name = "object_name"/>
                <property name = "object_type"/>
                <property name = "release_status_list"/>
                <property name = "REF(items_tag,Pmg0ItemSKU).pmg0GTIN"/>
                <property name = "REF(items_tag,Pmg0ItemSKU).pmg0GTINMgmtRule"/>
                <property name = "pmg0EffectiveFrom" />
                <property name = "pmg0EffectiveTo"/>
                <property name = "pmg0Languages" />
                <property name = "pmg0Markets" />
                <property name = "pmg0Regions"/>
                <property name = "pmg0DimensionPairs" titleKey = "tc_xrt_Dimensions"  modifiable="false"/>
            </treeDisplay>
            <thumbnailDisplay/>
            <listDisplay/>
            <command actionKey="newBusinessObjectContextualAction" commandId="Pmg1CreateSKU" renderingHint="commandbutton"/>
            <command actionKey = "pasteAction" commandId = "com.teamcenter.rac.viewer.pastewithContext" renderingHint = "commandbutton"/>
            <command actionKey = "cutAction" commandId = "org.eclipse.ui.edit.cut" renderingHint = "commandbutton">
               <parameter name = "localSelection" value = "true"/>
            </command> 
        </objectSet>
    </page>
    <page titleKey = "tc_xrt_attachments">
        <section titleKey = "tc_xrt_Files">
            <objectSet source = "IMAN_specification.Dataset,IMAN_reference.Dataset,IMAN_manifestation.Dataset,IMAN_Rendering.Dataset,TC_Attaches.Dataset,IMAN_UG_altrep.Dataset,IMAN_UG_scenario.Dataset,IMAN_Simulation.Dataset" defaultdisplay = "tableDisplay" sortby="object_type" sortdirection="ascending">
                <tableDisplay>
                    <property name = "object_string"/>
                    <property name = "object_type"/>
                    <property name = "release_status_list"/>
                    <property name = "date_released"/>
                    <property name = "owning_user"/>
                </tableDisplay>
                <treeDisplay>
                    <property name = "object_string"/>
                    <property name = "object_type"/>
                    <property name = "release_status_list"/>
                    <property name = "date_released"/>
                    <property name = "owning_user"/>
                </treeDisplay>
                <thumbnailDisplay/>
                <listDisplay/>
                <command actionKey = "newBusinessObjectContextualAction" commandId = "com.teamcenter.rac.common.AddNew" renderingHint = "commandbutton"/>
                <command actionKey = "pasteAction" commandId = "com.teamcenter.rac.viewer.pastewithContext" renderingHint = "commandbutton"/>
                <command actionKey = "cutAction" commandId = "org.eclipse.ui.edit.cut" renderingHint = "commandbutton">
                    <parameter name = "localSelection" value = "true"/>
                </command>
            </objectSet>
        </section>
        <section titleKey = "tc_xrt_Documents">
            <objectSet source = "IMAN_specification.DocumentRevision,IMAN_reference.DocumentRevision" defaultdisplay = "tableDisplay"  sortby="object_type" sortdirection="ascending">
                <tableDisplay>
                    <property name = "object_string"/>
                    <property name = "object_type"/>
                    <property name = "release_status_list"/>
                    <property name = "date_released"/>
                    <property name = "owning_user"/>
                </tableDisplay>
                <treeDisplay>
                    <property name = "object_string"/>
                    <property name = "object_type"/>
                    <property name = "release_status_list"/>
                    <property name = "date_released"/>
                    <property name = "owning_user"/>
                </treeDisplay>
                <thumbnailDisplay/>
                <listDisplay/>
                <command actionKey = "newBusinessObjectContextualAction" commandId = "com.teamcenter.rac.common.AddNew" renderingHint = "commandbutton"/>
                <command actionKey = "pasteAction" commandId = "com.teamcenter.rac.viewer.pastewithContext" renderingHint = "commandbutton"/>
                <command actionKey = "cutAction" commandId = "org.eclipse.ui.edit.cut" renderingHint = "commandbutton">
                    <parameter name = "localSelection" value = "true"/>
                </command>
            </objectSet>
        </section>
    </page>
    <page titleKey = "Claims">
        <section titleKey = "Marketing Claims">
            <objectSet source = "E4ProductInstance.E4MarketingReqRevision" defaultdisplay = "tableDisplay" showConfiguredRev="true">
                <tableDisplay>
                    <property name = "object_string"/>
                    <property name = "object_type"/>
                    <property name = "item_revision_id"/>
					<property name = "release_status_list"/>
					<property name = "E4ProductInstance.e4PIDataOwnerContact"/>
                    <property name = "E4ProductInstance.e4PIExpiryDate"/>
                    <property name = "E4ProductInstance.e4PIRegStatement"/>
                    <property name = "E4ProductInstance.e4PIReviewDate"/>
                    <property name = "E4ProductInstance.e4PIReviewPeriod"/>
                    <property name = "E4ProductInstance.e4PISuppDocs"/>
                </tableDisplay>
                <treeDisplay>
                    <property name = "object_string"/>
                    <property name = "object_type"/>
                    <property name = "item_revision_id"/>
					<property name = "release_status_list"/>
                    <property name = "E4ProductInstance.e4PIDataOwnerContact"/>
                    <property name = "E4ProductInstance.e4PIExpiryDate"/>
                    <property name = "E4ProductInstance.e4PIRegStatement"/>
                    <property name = "E4ProductInstance.e4PIReviewDate"/>
                    <property name = "E4ProductInstance.e4PIReviewPeriod"/>
                    <property name = "E4ProductInstance.e4PISuppDocs"/>
                </treeDisplay>
                <thumbnailDisplay/>
                <listDisplay/>
                <command actionKey = "newBusinessObjectContextualAction" commandId = "com.teamcenter.rac.common.AddNew" renderingHint = "commandbutton"/>
                <command actionKey = "pasteAction" commandId = "com.teamcenter.rac.viewer.pastewithContext" renderingHint = "commandbutton"/>
                <command actionKey = "cutAction" commandId = "org.eclipse.ui.edit.cut" renderingHint = "commandbutton">
                    <parameter name = "localSelection" value = "true"/>
                </command>
            </objectSet>
        </section>
        <section titleKey = "Technical Claims">
            <objectSet source = "E4ProductInstance.E4TechnicalReqRevision" defaultdisplay = "tableDisplay" showConfiguredRev="true">
                <tableDisplay>
                    <property name = "object_string"/>
                    <property name = "object_type"/>
                    <property name = "item_revision_id"/>
					<property name = "release_status_list"/>
					<property name = "E4TechCoreAdditionl"/>
                    <property name = "E4ProductInstance.e4PIDataOwnerContact"/>
                    <property name = "E4ProductInstance.e4PIExpiryDate"/>
                    <property name = "E4ProductInstance.e4PIRegStatement"/>
                    <property name = "E4ProductInstance.e4PIReviewDate"/>
                    <property name = "E4ProductInstance.e4PIReviewPeriod"/>
                    <property name = "E4ProductInstance.e4PISuppDocs"/>
                </tableDisplay>
                <treeDisplay>
                    <property name = "object_string"/>
                    <property name = "object_type"/>
                    <property name = "item_revision_id"/>
					<property name = "release_status_list"/>
					<property name = "E4TechCoreAdditionl"/>
                    <property name = "E4ProductInstance.e4PIDataOwnerContact"/>
                    <property name = "E4ProductInstance.e4PIExpiryDate"/>
                    <property name = "E4ProductInstance.e4PIRegStatement"/>
                    <property name = "E4ProductInstance.e4PIReviewDate"/>
                    <property name = "E4ProductInstance.e4PIReviewPeriod"/>
                    <property name = "E4ProductInstance.e4PISuppDocs"/>
                </treeDisplay>
                <thumbnailDisplay/>
                <listDisplay/>
                <command actionKey = "newBusinessObjectContextualAction" commandId = "com.teamcenter.rac.common.AddNew" renderingHint = "commandbutton"/>
                <command actionKey = "pasteAction" commandId = "com.teamcenter.rac.viewer.pastewithContext" renderingHint = "commandbutton"/>
                <command actionKey = "cutAction" commandId = "org.eclipse.ui.edit.cut" renderingHint = "commandbutton">
                    <parameter name = "localSelection" value = "true"/>
                </command>
            </objectSet>
        </section>
                <section titleKey = "Regulatory Claims">
            <objectSet source = "E4ProductInstance.E4RegulatoryReqRevision" defaultdisplay = "tableDisplay" showConfiguredRev="true">
                <tableDisplay>
                    <property name = "object_string"/>
                    <property name = "object_type"/>
                    <property name = "item_revision_id"/>
					<property name = "release_status_list"/>
					<property name = "E4RegCoreAdditionl"/>
                    <property name = "E4ProductInstance.e4PIDataOwnerContact"/>
                    <property name = "E4ProductInstance.e4PIExpiryDate"/>
                    <property name = "E4ProductInstance.e4PIRegStatement"/>
                    <property name = "E4ProductInstance.e4PIReviewDate"/>
                    <property name = "E4ProductInstance.e4PIReviewPeriod"/>
                    <property name = "E4ProductInstance.e4PISuppDocs"/>
                </tableDisplay>
                <treeDisplay>
                    <property name = "object_string"/>
                    <property name = "object_type"/>
                    <property name = "item_revision_id"/>
					<property name = "release_status_list"/>
					<property name = "E4RegCoreAdditionl"/>
                    <property name = "E4ProductInstance.e4PIDataOwnerContact"/>
                    <property name = "E4ProductInstance.e4PIExpiryDate"/>
                    <property name = "E4ProductInstance.e4PIRegStatement"/>
                    <property name = "E4ProductInstance.e4PIReviewDate"/>
                    <property name = "E4ProductInstance.e4PIReviewPeriod"/>
                    <property name = "E4ProductInstance.e4PISuppDocs"/>
                </treeDisplay>
                <thumbnailDisplay/>
                <listDisplay/>
                <command actionKey = "newBusinessObjectContextualAction" commandId = "com.teamcenter.rac.common.AddNew" renderingHint = "commandbutton"/>
                <command actionKey = "pasteAction" commandId = "com.teamcenter.rac.viewer.pastewithContext" renderingHint = "commandbutton"/>
                <command actionKey = "cutAction" commandId = "org.eclipse.ui.edit.cut" renderingHint = "commandbutton">
                    <parameter name = "localSelection" value = "true"/>
                </command>
            </objectSet>
        </section>
    </page>
	<page titleKey = "Test Plan">
	<section titleKey = "Tests">
            <objectSet source = "GRM(E4ProductInstance.E4RegulatoryReqRevision).GRM(IAV0Verify.IAV0TestCaseRevision),GRM(E4ProductInstance.E4MarketingReqRevision).GRM(IAV0Verify.IAV0TestCaseRevision),GRM(E4ProductInstance.E4TechnicalReqRevision).GRM(IAV0Verify.IAV0TestCaseRevision)" defaultdisplay = "tableDisplay" showConfiguredRev="true">
                <tableDisplay>
				  <property name="object_name"/>
				  <property name="e4PhyChemProp"/>
				  <property name="e4UOM"/>
				  <property name="e4TestMethod"/>
            </tableDisplay>
                </tableDisplay>
                <treeDisplay>
                  <property name="object_name"/>
				  <property name="e4PhyChemProp"/>
				  <property name="e4UOM"/>
				  <property name="e4TestMethod"/>
                </treeDisplay>
                <thumbnailDisplay/>
                <listDisplay/>
                <command actionKey = "newBusinessObjectContextualAction" commandId = "com.teamcenter.rac.common.AddNew" renderingHint = "commandbutton"/>
                <command actionKey = "pasteAction" commandId = "com.teamcenter.rac.viewer.pastewithContext" renderingHint = "commandbutton"/>
                <command actionKey = "cutAction" commandId = "org.eclipse.ui.edit.cut" renderingHint = "commandbutton">
                    <parameter name = "localSelection" value = "true"/>
                </command>
            </objectSet>
        </section>
    </page>
    <page titleKey = "tc_xrt_Collaboration" visibleWhen = "s2clCommentaryObjects!=null and structure_revisions==null and ActiveWorkspace:SubLocation != com.siemens.splm.client.occmgmt:OccurrenceManagementSubLocation">
        <column>
           <htmlPanel id = "com.siemens.splm.client.social.xrtQuestionPanel"/>
        </column>
        <column>
          <htmlPanel id = "com.siemens.splm.client.social.xrtCommentPanel"/>
        </column>
        <column>
           <htmlPanel id = "com.siemens.splm.client.social.xrtRatingsPanel"/>
        </column>
    </page>
<!--
================================================================================

General pages

================================================================================
-->
    <inject type="dataset" src="RelationsSummary" />
    <page titleKey = "tc_xrt_Workflow" visibleWhen="fnd0AllWorkflows!=null">
        <htmlPanel declarativeKey="Awp0WorkflowViewer"/>
    </page>
    <page titleKey = "tc_xrt_Signoffs" visibleWhen="fnd0AllWorkflows!=null">
        <objectSet source="fnd0ActuatedInteractiveTsks.POM_application_object,fnd0ActuatedInteractiveTsks.EPMTask,fnd0ActuatedInteractiveTsks.Signoff" defaultdisplay = "tableDisplay">
            <tableDisplay>
                <property name="fnd0AliasTaskName"/>
                <property name="fnd0Assignee"/>
                <property name="fnd0Status"/>
                <property name="fnd0EndDate"/>
                <property name="comments"/>
            </tableDisplay>
        </objectSet>
    </page>
    <page titleKey = "tc_xrt_Participants" visibleWhen="fnd0AllWorkflows!=null">
        <content visibleWhen="{pref:WRKFLW_add_template_name_for_new_process}==NULL">
            <section titleKey = "tc_xrt_ProposedReviewers">
                <objectSet source = "HasParticipant.ProposedReviewer" defaultdisplay = "listDisplay">
                        <command actionKey="newBusinessObjectContextualAction" commandId="Awp0AddParticipant" renderingHint="commandbutton"/>
                        <command actionKey="newBusinessObjectContextualAction" commandId="Awp0ReplaceParticipant" renderingHint="commandbutton"/>
                    <tableDisplay>
                        <property name = "fnd0AssigneeUser"/>
                        <property name = "fnd0AssigneeRole"/>
                        <property name = "fnd0AssigneeGroup"/>
                        <property name = "fnd0AssigneeEmail"/>
                        <property name = "fnd0AssigneePhone"/>
                        <property name = "fnd0AssigneeOrganization"/>
                    </tableDisplay>
                    <listDisplay/>
                </objectSet>
            </section>
        </content>
        <content visibleWhen="{pref:WRKFLW_add_template_name_for_new_process}!=NULL">
            <section titleKey = "tc_xrt_Approver">
                <objectSet source = "HasParticipant.ProposedReviewer" defaultdisplay = "listDisplay">
                        <command actionKey="newBusinessObjectContextualAction" commandId="Awp0AddParticipant" renderingHint="commandbutton"/>
                        <command actionKey="newBusinessObjectContextualAction" commandId="Awp0ReplaceParticipant" renderingHint="commandbutton"/>
                    <tableDisplay>
                        <property name = "fnd0AssigneeUser"/>
                        <property name = "fnd0AssigneeRole"/>
                        <property name = "fnd0AssigneeGroup"/>
                        <property name = "fnd0AssigneeEmail"/>
                        <property name = "fnd0AssigneePhone"/>
                        <property name = "fnd0AssigneeOrganization"/>
                    </tableDisplay>
                    <listDisplay/>
                </objectSet>
            </section>
        </content>
        <section titleKey = "tc_xrt_ProposedResponsibleParty">
           <objectSet source = "HasParticipant.ProposedResponsibleParty" defaultdisplay = "listDisplay">
                    <command actionKey="newBusinessObjectContextualAction" commandId="Awp0AddParticipant" renderingHint="commandbutton"/>
                    <command actionKey="newBusinessObjectContextualAction" commandId="Awp0ReplaceParticipant" renderingHint="commandbutton"/>
                <tableDisplay>
                    <property name = "fnd0AssigneeUser"/>
                    <property name = "fnd0AssigneeRole"/>
                    <property name = "fnd0AssigneeGroup"/>
                    <property name = "fnd0AssigneeEmail"/>
                    <property name = "fnd0AssigneePhone"/>
                    <property name = "fnd0AssigneeOrganization"/>
                </tableDisplay>
                <listDisplay/>
            </objectSet>
        </section>
    </page>
</rendering>