<?xml version="1.0" encoding="utf-8" standalone="no"?>
<!--
================================================================================
Copyright 2017.
Siemens Product Lifecycle Management Software Inc.
All Rights Reserved.
================================================================================
-->
<media>
    <product_id>Teamcenter</product_id>
    <product_display_name>Teamcenter</product_display_name>
    <application_id>e4exombase</application_id>
    <application_display_name>Exom</application_display_name>
    <version>1.0:2024610</version>
    <customer>All</customer>
    <rtm_type>Major</rtm_type>
    <parent_release/>
    <platform/>
    <description>Exxon Mobil Base BMIDE Template</description>
    <application_dependency>
        <application id="Foundation" release="14.2.0.3.1.1"/>
    </application_dependency>
    <supported_upgrade_paths/>
</media>
