<?xml version="1.0" encoding="UTF-8"?>
<!-- 
// @<COPYRIGHT>@
// ==================================================
// Copyright 2021.
// Siemens Product Lifecycle Management Software Inc.
// All Rights Reserved.
// ==================================================
// @<COPYRIGHT>@
-->
<!-- Style sheet rendering for Test Case creation. -->
<rendering>
    <page titleKey="tc_xrt_CreateItem">
        <section titleKey="tc_xrt_properties">
            <property name="item_id" renderingHint="textfield"/>
            <property name="revision:item_revision_id"/>
            <property name="object_name"/>
		    <property name="revision:e4PhyChemProp"/>
		    <property name="revision:e4UOM"/>
		    <property name="revision:e4TestMethod"/>            
        </section>
    </page>
</rendering>