<?xml version="1.0" encoding="UTF-8"?>
<!--
// @<COPYRIGHT>@
// ==================================================
// Copyright 2015.
// Siemens Product Lifecycle Management Software Inc.
// All Rights Reserved.
// ==================================================
// @<COPYRIGHT>@
-->
<rendering>
    <header>
         <image source="type"/>
        <property name="awb0ArchetypeRevOwningUser" renderingHint="objectlink" modifiable="false"/>        
        <property name="awb0ArchetypeRevLastModDate" renderingHint="label"/>    
        <property name="awb0ArchetypeRevRelStatus" renderingHint="label"/>
         <property name="awb0UnderlyingObjectType"  renderingHint="label"/>    
    </header>
    <content  visibleWhen="awb0UnderlyingObjectType != Bhm0CollectionRevision and awb0UnderlyingObjectType != Bhm0SimModelRepRevision and awb0UnderlyingObjectType != Bhm0BehaviorModlRevision and awb0UnderlyingObjectType != Bhm0SupportingRevision and awb0UnderlyingObjectType != Bhm0ComponentRepRevision and awb0UnderlyingObjectType != Uml0PackageRevision and awb0UnderlyingObjectType != Seg0InterfaceRevision and awb0UnderlyingObjectType != Seg0IntfSpecRevision and awb0UnderlyingObjectType != Seg0FtCapabilityRevision and awb0UnderlyingObjectType != Seg0FxChainRevision and awb0UnderlyingObjectType != Mdt0MDRRevision and awb0UnderlyingObjectType != Mdt0MDRDelRevision">
		
		 <page titleKey="tc_xrt_Overview" visibleWhen="awb0UnderlyingObjectType != Fnd0WorksetRevision">
            <column width="55%">
                        <section titleKey = "tc_xrt_properties">
                <property name="item_id" renderingHint="label"/>
                <property name="item_revision_id" renderingHint="label"/>
                <property name="object_name"/>
                <property name="object_desc"/>
                <property name="object_type"/>
                <property name="release_status_list" renderingHint="label"/>
                <property name="date_released" renderingHint="label"/>
                <property name="effectivity_text" renderingHint="label"/>
                <break/>
                <property name="owning_user" renderingHint="objectlink" modifiable="false"/>
                <property name="owning_group" renderingHint="objectlink" modifiable="false"/>
				<property name="last_mod_date"/>
                <property name="last_mod_user"/>
                <property name="checked_out" renderingHint="label"/>
                <property name="checked_out_user"/>
                <break/>

                <property name="material_characteristic"/>
                <property name="kosher"/>
                <property name="shelf_life"/>
                <property name="expiry_date"/>
                <property name="REACH_number"/>
                <property name="regulatory_restrictions"/>
                <property name="max_ingredient_level"/>
                <property name="boiling_point"/>
                <property name="flash_point"/>
                <property name="specific_gravity"/>
                <property name="vapor_pressure"/>
                <property name="water_solubility"/>
                <property name="oil_water_ratio"/>
                <property name="pH_value"/>
                <property name="molecular_formula"/>
                <property name="molecular_structure"/>
                <property name="molecular_weight"/>
                <property name="cost"/>
                <property name="projected_volume"/>
                <property name="supplier_transport"/>
                <property name="feedstock_origin"/>
                <property name="experimental_id"/>
            </section>  
            <inject type="dataset" src="Awp0CPGFormulaMaterRevisionSummaryOverviewSectionCustom"/>
        </column>
        <column>
            <section titleKey = "tc_xrt_Preview">
                <image source = "thumbnail"/>
            </section>
        </column>
    </page>
		
    </content>
    <content  visibleWhen="{pref:AWB_ShowMarkup}==true">
      <page titleKey="tc_xrt_Markup">
       <section titleKey="tc_xrt_MarkupsForThisLevel">
        <objectSet source="Awb0MarkupForLevelProvider.Fnd0MarkupChange"  sortdirection="ascending" sortby="last_mod_date" defaultdisplay="tableDisplay">
               <tableDisplay>
                       <property name="fnd0line_id"/>
                       <property name="fnd0line_name"/>
                       <property name="fnd0markup_type"/>
                       <property name="object_string"/>
                       <property name="last_mod_date"/>
                       <property name="last_mod_user"/>
                       <property name="fnd0note"/>
                   </tableDisplay>
                    <treeDisplay>
                        <property name="fnd0line_id"/>
                        <property name="fnd0line_name"/>
                        <property name="fnd0markup_type"/>
                        <property name="object_string"/>
                        <property name="last_mod_date"/>
                        <property name="last_mod_user"/>
                        <property name="fnd0note"/>
                     </treeDisplay>
              <listDisplay/>
             <thumbnailDisplay/>
          <command actionKey="applyMarkup" commandId="Awb0ApplyMarkup"/>
          <command actionKey="cancelMarkupLevel" commandId="Awb0CancelMarkupLevel"/>
        </objectSet>
       </section>
             <section titleKey="tc_xrt_MarkupsForThisElement">
                <objectSet source="Awb0MarkupProvider.Fnd0MarkupChange" sortdirection="ascending" sortby="last_mod_date" defaultdisplay="tableDisplay">
                    <tableDisplay>
                        <property name="fnd0line_id"/>
                        <property name="fnd0line_name"/>
                        <property name="fnd0markup_type"/>
                        <property name="object_string"/>
                        <property name="last_mod_date"/>
                        <property name="last_mod_user"/>
                        <property name="fnd0note"/>
                    </tableDisplay>
                    <treeDisplay>
                        <property name="fnd0line_id"/>
                        <property name="fnd0line_name"/>
                        <property name="fnd0markup_type"/>
                        <property name="object_string"/>
                        <property name="last_mod_date"/>
                        <property name="last_mod_user"/>
                        <property name="fnd0note"/>
                    </treeDisplay>
                    <listDisplay/>
                    <thumbnailDisplay/>
          <command actionKey="cancelMarkupElement" commandId="Awb0CancelMarkupElement"/>
         </objectSet>
       </section>
    </page>
  </content>
  <content visibleWhen ="awb0UnderlyingObjectType != Mfg0ConveyorRevision and awb0UnderlyingObjectType != Mfg0MEEquipmentRevision and awb0UnderlyingObjectType != Mfg0MENCMachineRevision and awb0UnderlyingObjectType != Mfg0MENCToolRevision and awb0UnderlyingObjectType != Mfg0MEResourceRevision and awb0UnderlyingObjectType != Mfg0MERobotRevision and awb0UnderlyingObjectType != PM0CMMProbeAssyRevision and awb0UnderlyingObjectType != PM0CMMProbeCompRevision and awb0UnderlyingObjectType != PM0NCToolAssyRevision and awb0UnderlyingObjectType != PM0NCToolCompRevision and awb0UnderlyingObjectType != PM0NCToolInstRevision and awb0UnderlyingObjectType != PM0AMPrinterRevision and awb0UnderlyingObjectType != PM0GaugeRevision and awb0UnderlyingObjectType != PM0NCDeviceRevision and awb0UnderlyingObjectType != PM0NCFixtureRevision and awb0UnderlyingObjectType != PM0PresToolPackRevision and awb0UnderlyingObjectType != Mfg0MEFactoryToolRevision and awb0UnderlyingObjectType != Fnd0WorksetRevision and awb0UnderlyingObjectType != Uml0PackageRevision and awb0UnderlyingObjectType != Seg0InterfaceRevision and awb0UnderlyingObjectType != Seg0IntfSpecRevision and awb0UnderlyingObjectType != Seg0FtCapabilityRevision and awb0UnderlyingObjectType != Seg0FxChainRevision and awb0UnderlyingObjectType != Mdt0MDRRevision and awb0UnderlyingObjectType != Mdt0MDRDelRevision">
      <inject type="dataset" src="Wnb1WeightandBalanceSummary"/>
  </content>
  <content visibleWhen ="awb0UnderlyingObjectType != Mfg0ConveyorRevision and awb0UnderlyingObjectType != Mfg0MEEquipmentRevision and awb0UnderlyingObjectType != Mfg0MENCMachineRevision and awb0UnderlyingObjectType != Mfg0MENCToolRevision and awb0UnderlyingObjectType != Mfg0MEResourceRevision and awb0UnderlyingObjectType != Mfg0MERobotRevision and awb0UnderlyingObjectType != PM0CMMProbeAssyRevision and awb0UnderlyingObjectType != PM0CMMProbeCompRevision and awb0UnderlyingObjectType != PM0NCToolAssyRevision and awb0UnderlyingObjectType != PM0NCToolCompRevision and awb0UnderlyingObjectType != PM0NCToolInstRevision and awb0UnderlyingObjectType != PM0AMPrinterRevision and awb0UnderlyingObjectType != PM0GaugeRevision and awb0UnderlyingObjectType != PM0NCDeviceRevision and awb0UnderlyingObjectType != PM0NCFixtureRevision and awb0UnderlyingObjectType != PM0PresToolPackRevision and awb0UnderlyingObjectType != Mfg0MEFactoryToolRevision and awb0UnderlyingObjectType != Uml0PackageRevision and awb0UnderlyingObjectType != Seg0InterfaceRevision and awb0UnderlyingObjectType != Seg0IntfSpecRevision and awb0UnderlyingObjectType != Seg0FtCapabilityRevision and awb0UnderlyingObjectType != Seg0FxChainRevision and awb0UnderlyingObjectType != Mdt0MDRRevision and awb0UnderlyingObjectType != Mdt0MDRDelRevision">
      <inject type="dataset" src="Nxs0AttributesTableSummaryAwb0Element"/>
  </content>
  <content  visibleWhen ="awb0UnderlyingObjectType != null">
    <inject type="evaluate" src="awb0UnderlyingObject"/>
  </content>
  <inject type="dataset" src="Smc1SolutionVariantsTabForAwb0Element"/>
  <inject type="dataset" src="Sci1IMDSTabForAwb0ElementSummary"/>
</rendering>