<?xml version="1.0" encoding="UTF-8"?>
<!--
// @<COPYRIGHT>@
// ==================================================
// Copyright 2014.
// Siemens Product Lifecycle Management Software Inc.
// All Rights Reserved.
// ==================================================
// @<COPYRIGHT>@
-->
<!-- Style sheet rendering for Item creation. -->
<rendering>
    <page titleKey="tc_xrt_CreateItem">
        <section titleKey="tc_xrt_properties">
            <property name="item_id" renderingHint="textfield"/>
            <property name="revision:item_revision_id"/>
            <property name="object_name"/>
            <property name="object_desc"/>
            <inject type="dataset" src="Sci0ItemCreateProperties"/>
            <inject type="dataset" src="Ads1OriginalCageCodeProperty"/>
            <property name="uom_tag"/>
            <inject type="dataset" src="Ads1ADSDesignCreate"/>
            <inject type="dataset" src="Ads1ADSDrawingCreate"/>
            <inject type="dataset" src="Ads1SourceDocumentCreate"/>
            <inject type="dataset" src="Ads1FormSourceProperty"/>
            <inject type="dataset" src="Cm1ChangeContextProviderForCreate"/>
        </section>
        <section>
          <inject type="dataset" src="Awb0ElementCreate"/>
        </section>
    </page>
</rendering>
 