<?xml version="1.0" encoding="UTF-8"?>
<preferences version="10.0">
  <category name="Active Workspace">
    <category_description>Active Workspace preferences</category_description>
	<preference name="AWC_IAV0TestCase.CREATERENDERING" type="String" array="false" disabled="false" protectionScope="User" envEnabled="false">
      <preference_description>Registers the create stylesheet for Test Case objects.</preference_description>
      <context name="Teamcenter">
        <value>E4IAV0TestCaseCreate</value>
      </context>
    </preference>
  </category>
</preferences>