<?xml version="1.0" encoding="UTF-8" standalone="no"?>
<!--
    Document   : feature_e4exombase.xml
    Description: This XML is used by TEM to install or upgrade the "e4exombase" solution.
--><feature>
                    
    
    
    
    <name value="Exom"/>
                    
    
    
    
    <property name="feature_name" value="e4exombase"/>
                    
    
    
    
    <group value="package"/>
                    
    
    
    
    <guid value="C2ADA8523E625AC79E8553D281BDAE38"/>
                    
    
    
    
    <bundle value="${feature_name}Bundle.xml"/>
                    
    
    
    
    <description value="${feature_name}.description"/>
                    
    
    
    
    <include file="dataModelDependency.xml"/>
        
    <relation/>
    <feature>
                                        
        
        
        
        <!--  Feature: Data Model -->
                                        
        
        
        
        <name value="Data Model"/>
                                        
        
        
        
        <property name="feature_id" value="datamodel"/>
                                        
        
        
        
        <property name="bmide_optional" value="false"/>
                                        
        
        
        
        <property name="template_name" value="${feature_name}"/>
                                        
        
        
        
        <property name="template_file" value="${template_name}_template.xml"/>
                                        
        
        
        
        <root value="true"/>
                                        
        
        
        
        <bundle value="${template_name}Bundle.xml"/>
                                        
        
        
        
        <description value="${template_name}.description"/>
                                        
        
        
        
        <guid value="A51AE4BFFA5BBCE51994AB984F372165"/>
                                        
        
        
        
        <include file="coreDataModel2.xml"/>
                                        
        
        
        
        <include file="generatePlmxmlSchema.xml"/>
    </feature>
        
    <dependencyReferences>
        <reference name="foundation" value="8C061DD51E13E0CB9DC4687B1A3348BE"/>
    </dependencyReferences>
</feature>
