<?xml version="1.0" encoding="UTF-8"?>
<TcBusinessData xmlns="http://teamcenter.com/BusinessModel/TcBusinessData" Date="">
<Add>
   <TcNamingRule name="E4FormulaMaterialNamingRule">
      <TcPattern generateCounters="true" patternString="&quot;FORM-&quot;NNNNNN">
         <TcCounter initialValue="FORM-000001" maximumValue="FORM-999999"/>
      </TcPattern>
   </TcNamingRule>
   <TcNamingRuleAttach ruleName="E4FormulaMaterialNamingRule" typeName="E4EMCPGFormulaM"
         propertyName="item_id" case="Mix" conditionName="isTrue" override="false"
         ruleType="NamingRule" description=""/>
</Add>
</TcBusinessData>
