<?xml version="1.0" encoding="UTF-8"?>
<TcBusinessData xmlns="http://teamcenter.com/BusinessModel/TcBusinessData" Date="Tue Feb 27 09:46:37 PM 2024">
<Add>
   <TcGlobalConstantAttach constantName="Fnd0SelectedLocales" value="en_US"/>
   <TcLOV name="E4PriorityLOV" lovType="ListOfValuesString" usage="Exhaustive" description="">
      <TcLOVValue value="High" description="" conditionName="isTrue"/>
      <TcLOVValue value="Medium" description="" conditionName="isTrue"/>
      <TcLOVValue value="Low" description="" conditionName="isTrue"/>
   </TcLOV>
   <TcLOVAttach lovName="E4PriorityLOV" typeName="Requirement Revision">
      <TcLOVAttachPropertyInfo valuePropertyName="object_desc" conditionName="isTrue"
          override="false" level="0"/>
   </TcLOVAttach>
   <Functionality name="E4exombase" displayName="Exom" enabledForVerificationRules="false"
        description="Component for the template - e4exombase"/>
</Add>
</TcBusinessData>
