<?xml version="1.0" encoding="UTF-8"?>
<TcBusinessData xmlns="http://teamcenter.com/BusinessModel/TcBusinessData" Date="">
<Add>
   <TcLOV name="E4PriorityLOV" lovType="ListOfValuesString" usage="Exhaustive" description="">
      <TcLOVValue value="High" description="" conditionName="isTrue"/>
      <TcLOVValue value="Medium" description="" conditionName="isTrue"/>
      <TcLOVValue value="Low" description="" conditionName="isTrue"/>
   </TcLOV>
   <TcLOVAttach lovName="E4PriorityLOV" typeName="Requirement Revision">
      <TcLOVAttachPropertyInfo valuePropertyName="object_desc" conditionName="isTrue"
          override="false" level="0"/>
   </TcLOVAttach>
</Add>
</TcBusinessData>
