<?xml version="1.0" encoding="UTF-8"?>
<TcBusinessData xmlns="http://teamcenter.com/BusinessModel/TcBusinessData" Date="">
<Add>
   <TcNamingRule name="E4GeneralRecipeNamingRule">
      <TcPattern generateCounters="true" patternString="&quot;GENR-&quot;NNNNNN">
         <TcCounter initialValue="GENR-000001" maximumValue="GENR-999999"/>
      </TcPattern>
   </TcNamingRule>
   <TcNamingRule name="E4PlantRecipeNamingRule">
      <TcPattern generateCounters="true" patternString="&quot;PLAR-&quot;NNNNNN">
         <TcCounter initialValue="PLAR-000001" maximumValue="PLAR-999999"/>
      </TcPattern>
   </TcNamingRule>
   <TcNamingRule name="E4SiteRecipeNamingRule">
      <TcPattern generateCounters="true" patternString="&quot;SITR-&quot;NNNNNN">
         <TcCounter initialValue="SITR-000001" maximumValue="SITR-999999"/>
      </TcPattern>
   </TcNamingRule>
   <TcNamingRuleAttach ruleName="E4GeneralRecipeNamingRule" typeName="E4EMGeneralRec"
         propertyName="item_id" case="Mix" conditionName="isTrue" override="false"
         ruleType="NamingRule" description=""/>
   <TcNamingRuleAttach ruleName="E4SiteRecipeNamingRule" typeName="E4EMSiteRecipe"
         propertyName="item_id" case="Mix" conditionName="isTrue" override="false"
         ruleType="NamingRule" description=""/>
   <TcNamingRuleAttach ruleName="E4PlantRecipeNamingRule" typeName="E4EMPlantRecipe"
         propertyName="item_id" case="Mix" conditionName="isTrue" override="false"
         ruleType="NamingRule" description=""/>
</Add>
</TcBusinessData>
